"Country, Housing Type",Amenity,Average Price Per Person Per Night,Ratio of properties in Country + HousingType that have amenity
"[Spain,Townhouse]",Pool,23,0.4224599
"[Spain,Townhouse]",Free parking on premises,19,0.5240642
"[Spain,Townhouse]",Iron,20,0.78074867
"[Spain,Townhouse]",Family/kid friendly,20,0.8663102
"[Spain,Townhouse]",Heating,21,0.6363636
"[Spain,Townhouse]",TV,21,0.86096257
"[Spain,Townhouse]",Air conditioning,21,0.6791444
"[Spain,Townhouse]",Hair dryer,21,0.77005345
"[Spain,Townhouse]",Kitchen,21,0.96791446
"[Spain,Townhouse]",Essentials,21,0.9144385
"[Spain,Townhouse]",Washer,21,0.9411765
"[Spain,Townhouse]",Wireless Internet,21,0.8983957
"[Spain,Townhouse]",Internet,20,0.4224599
"[Spain,Townhouse]",Laptop friendly workspace,21,0.48128343
"[Spain,Townhouse]",Hangers,21,0.8128342
"[Australia,Guesthouse]",Lock on bedroom door,55,0.627907
"[Australia,Guesthouse]",Iron,58,0.60465115
"[Australia,Guesthouse]",Kitchen,52,0.78294575
"[Australia,Guesthouse]",Laptop friendly workspace,52,0.64341086
"[Australia,Guesthouse]",Heating,59,0.62015504
"[Australia,Guesthouse]",TV,55,0.88372093
"[Australia,Guesthouse]",Hangers,54,0.90697676
"[Australia,Guesthouse]",Wireless Internet,53,0.82945734
"[Australia,Guesthouse]",Smoke detector,53,0.79844964
"[Australia,Guesthouse]",Essentials,55,0.8604651
"[Australia,Guesthouse]",Hair dryer,56,0.6976744
"[Australia,Guesthouse]",Family/kid friendly,48,0.5736434
"[Australia,Guesthouse]",Washer,49,0.58914727
"[Australia,Guesthouse]",Shampoo,55,0.64341086
"[United Kingdom,Bungalow]",Heating,26,0.9558824
"[Belgium,Townhouse]",Hangers,25,0.6641791
"[Belgium,Townhouse]",Hair dryer,27,0.5895522
"[Belgium,Townhouse]",Iron,25,0.5074627
"[Belgium,Townhouse]",Washer,24,0.52238804
"[Belgium,Townhouse]",Essentials,26,0.8880597
"[Belgium,Townhouse]",Smoke detector,25,0.69402987
"[Belgium,Townhouse]",Family/kid friendly,26,0.52238804
"[Belgium,Townhouse]",Kitchen,24,0.80597013
"[Belgium,Townhouse]",TV,29,0.5
"[Belgium,Townhouse]",Wireless Internet,25,0.98507464
"[Belgium,Townhouse]",Heating,26,0.9701493
"[Belgium,Townhouse]",Laptop friendly workspace,25,0.5970149
"[Belgium,Townhouse]",Shampoo,29,0.6044776
"[Austria,Condominium]",Heating,21,0.96039605
"[Austria,Condominium]",Washer,21,0.84653467
"[Austria,Condominium]",Shampoo,24,0.52970296
"[Austria,Condominium]",Elevator in building,22,0.5792079
"[Austria,Condominium]",Wireless Internet,21,0.96039605
"[Austria,Condominium]",Essentials,22,0.8712871
"[Austria,Condominium]",TV,24,0.5990099
"[Austria,Condominium]",Internet,21,0.57425743
"[Austria,Condominium]",Hangers,23,0.7029703
"[Austria,Condominium]",Buzzer/wireless intercom,20,0.5049505
"[Austria,Condominium]",Laptop friendly workspace,22,0.6881188
"[Austria,Condominium]",Hair dryer,23,0.7227723
"[Austria,Condominium]",Family/kid friendly,21,0.5841584
"[Austria,Condominium]",Iron,23,0.6386139
"[Austria,Condominium]",Kitchen,21,0.9752475
"[France,Loft]",Smoke detector,36,0.58428806
"[France,Loft]",Hangers,37,0.60229135
"[France,Loft]",Washer,39,0.84942716
"[France,Loft]",Hair dryer,37,0.59738135
"[France,Loft]",Cable TV,41,0.42716858
"[France,Loft]",Dryer,43,0.4680851
"[France,Loft]",Iron,37,0.61865795
"[France,Loft]",Heating,38,0.9656301
"[France,Loft]",Laptop friendly workspace,38,0.5646481
"[France,Loft]",TV,40,0.64484453
"[France,Loft]",Kitchen,38,0.9787234
"[France,Loft]",Wireless Internet,38,0.9607201
"[France,Loft]",Essentials,38,0.88707036
"[France,Loft]",Shampoo,38,0.5826514
"[France,Loft]",Internet,38,0.7315876
"[France,Loft]",Family/kid friendly,35,0.6661211
"[Canada,House]",Iron,36,0.49587142
"[Canada,House]",Internet,37,0.61176646
"[Canada,House]",Air conditioning,37,0.47670305
"[Canada,House]",Carbon monoxide detector,37,0.60793275
"[Canada,House]",Heating,36,0.95576525
"[Canada,House]",Hair dryer,36,0.49483928
"[Canada,House]",Free parking on premises,36,0.5356827
"[Canada,House]",Laptop friendly workspace,36,0.5252138
"[Canada,House]",Shampoo,35,0.6517252
"[Canada,House]",Family/kid friendly,36,0.50176936
"[Canada,House]",Wireless Internet,36,0.97316426
"[Canada,House]",Washer,36,0.8121498
"[Canada,House]",Smoke detector,37,0.7668829
"[Canada,House]",TV,38,0.58728987
"[Canada,House]",Dryer,36,0.78162783
"[Canada,House]",Kitchen,36,0.9072545
"[Canada,House]",Hangers,35,0.626069
"[Canada,House]",Fire extinguisher,37,0.49616632
"[Canada,House]",Essentials,35,0.85844886
"[Spain,Guesthouse]",Hangers,22,0.88349515
"[Spain,Guesthouse]",Family/kid friendly,22,0.6407767
"[Spain,Guesthouse]",Wireless Internet,22,0.99029124
"[Spain,Guesthouse]",Heating,23,0.815534
"[Spain,Guesthouse]",Essentials,22,0.94174755
"[Spain,Guesthouse]",Kitchen,22,0.7378641
"[Spain,Guesthouse]",Hair dryer,21,0.7184466
"[United States,Condominium]",Hangers,55,0.74652565
"[United States,Condominium]",Wireless Internet,57,0.9670193
"[United States,Condominium]",Heating,57,0.9437876
"[United States,Condominium]",Smoke detector,59,0.6733043
"[United States,Condominium]",Essentials,57,0.9228376
"[United States,Condominium]",Air conditioning,56,0.5963493
"[United States,Condominium]",Iron,55,0.67143744
"[United States,Condominium]",Family/kid friendly,57,0.43995023
"[United States,Condominium]",Fire extinguisher,60,0.42314872
"[United States,Condominium]",Dryer,58,0.85625386
"[United States,Condominium]",Laptop friendly workspace,58,0.5162829
"[United States,Condominium]",Hair dryer,57,0.52457994
"[United States,Condominium]",Cable TV,61,0.48288736
"[United States,Condominium]",Kitchen,57,0.9522921
"[United States,Condominium]",TV,58,0.8492014
"[United States,Condominium]",Shampoo,57,0.772039
"[United States,Condominium]",Internet,56,0.69508404
"[United States,Condominium]",Carbon monoxide detector,58,0.5032151
"[United States,Condominium]",Washer,57,0.86164695
"[Belgium,Bed & Breakfast]",Smoke detector,35,0.6416185
"[Belgium,Bed & Breakfast]",Wireless Internet,34,0.97109824
"[Belgium,Bed & Breakfast]",Heating,34,0.97109824
"[Belgium,Bed & Breakfast]",Hangers,35,0.54913294
"[Belgium,Bed & Breakfast]",Fire extinguisher,35,0.4913295
"[Belgium,Bed & Breakfast]",Cable TV,38,0.44508672
"[Belgium,Bed & Breakfast]",Essentials,34,0.8034682
"[Belgium,Bed & Breakfast]",Breakfast,36,0.7630058
"[Belgium,Bed & Breakfast]",Hair dryer,35,0.5260116
"[Belgium,Bed & Breakfast]",Kitchen,32,0.50289017
"[Belgium,Bed & Breakfast]",Family/kid friendly,32,0.58381504
"[Belgium,Bed & Breakfast]",TV,35,0.54913294
"[Belgium,Bed & Breakfast]",Shampoo,35,0.716763
"[Belgium,Bed & Breakfast]",Laptop friendly workspace,35,0.433526
"[Belgium,Bed & Breakfast]",Internet,34,0.5086705
"[Australia,Dorm]",Wireless Internet,31,0.9027778
"[Australia,Dorm]",Kitchen,31,0.9583333
"[Australia,Dorm]",Washer,31,0.9027778
"[United Kingdom,Townhouse]",Essentials,30,0.8881119
"[United Kingdom,Townhouse]",Smoke detector,31,0.7202797
"[United Kingdom,Townhouse]",Iron,31,0.6993007
"[United Kingdom,Townhouse]",Dryer,32,0.43356642
"[United Kingdom,Townhouse]",Carbon monoxide detector,33,0.45221445
"[United Kingdom,Townhouse]",Internet,30,0.5897436
"[United Kingdom,Townhouse]",Shampoo,33,0.6340326
"[United Kingdom,Townhouse]",Kitchen,30,0.8787879
"[United Kingdom,Townhouse]",Family/kid friendly,31,0.47785547
"[United Kingdom,Townhouse]",Wireless Internet,30,0.97902095
"[United Kingdom,Townhouse]",Laptop friendly workspace,32,0.5034965
"[United Kingdom,Townhouse]",Hair dryer,32,0.55710953
"[United Kingdom,Townhouse]",Hangers,31,0.7389277
"[United Kingdom,Townhouse]",Heating,30,0.94638693
"[United Kingdom,Townhouse]",TV,32,0.65268064
"[United Kingdom,Townhouse]",Washer,30,0.8088578
"[Ireland,Townhouse]",Essentials,36,0.94174755
"[Ireland,Townhouse]",Wireless Internet,37,0.98058254
"[Ireland,Townhouse]",TV,38,0.69902915
"[Ireland,Townhouse]",Smoke detector,38,0.8543689
"[Ireland,Townhouse]",Iron,37,0.75728154
"[Ireland,Townhouse]",Hair dryer,37,0.6796116
"[Ireland,Townhouse]",Heating,37,0.9708738
"[Ireland,Townhouse]",Kitchen,37,0.8543689
"[Ireland,Townhouse]",Hangers,37,0.776699
"[Ireland,Townhouse]",Shampoo,36,0.7281553
"[Ireland,Townhouse]",Washer,37,0.776699
"[Netherlands,Loft]",TV,58,0.72
"[Netherlands,Loft]",Cable TV,54,0.512
"[Netherlands,Loft]",Family/kid friendly,54,0.592
"[Netherlands,Loft]",Hair dryer,56,0.696
"[Netherlands,Loft]",Hangers,53,0.696
"[Netherlands,Loft]",Heating,56,0.976
"[Netherlands,Loft]",Laptop friendly workspace,55,0.648
"[Netherlands,Loft]",Wireless Internet,55,1
"[Netherlands,Loft]",Shampoo,53,0.72
"[Netherlands,Loft]",Essentials,56,0.96
"[Netherlands,Loft]",Internet,55,0.728
"[Netherlands,Loft]",Iron,59,0.616
"[Netherlands,Loft]",Washer,56,0.672
"[Netherlands,Loft]",Kitchen,56,0.92
"[Netherlands,Loft]",Smoke detector,53,0.768
"[Netherlands,Loft]",Fire extinguisher,57,0.512
"[Netherlands,Bed & Breakfast]",Internet,46,0.6331878
"[Netherlands,Bed & Breakfast]",Shampoo,48,0.6681223
"[Netherlands,Bed & Breakfast]",Wireless Internet,46,0.9781659
"[Netherlands,Bed & Breakfast]",Smoke detector,47,0.79257643
"[Netherlands,Bed & Breakfast]",Iron,47,0.49126637
"[Netherlands,Bed & Breakfast]",TV,49,0.68122274
"[Netherlands,Bed & Breakfast]",Fire extinguisher,48,0.67030567
"[Netherlands,Bed & Breakfast]",Essentials,46,0.87554586
"[Netherlands,Bed & Breakfast]",Washer,47,0.4323144
"[Netherlands,Bed & Breakfast]",Family/kid friendly,44,0.49563318
"[Netherlands,Bed & Breakfast]",Hangers,46,0.6331878
"[Netherlands,Bed & Breakfast]",Carbon monoxide detector,46,0.46724892
"[Netherlands,Bed & Breakfast]",Breakfast,46,0.44323143
"[Netherlands,Bed & Breakfast]",Kitchen,46,0.5327511
"[Netherlands,Bed & Breakfast]",Hair dryer,46,0.6572052
"[Netherlands,Bed & Breakfast]",Laptop friendly workspace,46,0.47598255
"[Netherlands,Bed & Breakfast]",First aid kit,46,0.5720524
"[Netherlands,Bed & Breakfast]",Heating,46,0.97161573
"[Netherlands,Bed & Breakfast]",Cable TV,48,0.46724892
"[United Kingdom,Dorm]",Heating,24,0.86754966
"[United Kingdom,Dorm]",Essentials,23,0.6092715
"[United Kingdom,Dorm]",Wireless Internet,24,0.9139073
"[United Kingdom,Dorm]",Washer,26,0.6092715
"[United Kingdom,Dorm]",Dryer,27,0.50993377
"[United Kingdom,Dorm]",Smoke detector,22,0.6821192
"[United Kingdom,Dorm]",Internet,23,0.4370861
"[United Kingdom,Dorm]",translation missing: en.hosting_amenity_50,19,0.56953645
"[United Kingdom,Dorm]",First aid kit,21,0.51655626
"[United Kingdom,Dorm]",Kitchen,28,0.6357616
"[United Kingdom,Dorm]",translation missing: en.hosting_amenity_49,20,0.49006623
"[Spain,Apartment]",TV,24,0.7557104
"[Spain,Apartment]",Air conditioning,25,0.5384183
"[Spain,Apartment]",Buzzer/wireless intercom,23,0.4419898
"[Spain,Apartment]",Laptop friendly workspace,24,0.4357404
"[Spain,Apartment]",Kitchen,24,0.9310377
"[Spain,Apartment]",Hair dryer,24,0.5817892
"[Spain,Apartment]",Family/kid friendly,23,0.64387715
"[Spain,Apartment]",Heating,24,0.77983314
"[Spain,Apartment]",Washer,24,0.8341718
"[Spain,Apartment]",Internet,23,0.5476987
"[Spain,Apartment]",Wireless Internet,24,0.93078774
"[Spain,Apartment]",Iron,24,0.57122767
"[Spain,Apartment]",Shampoo,24,0.53701216
"[Spain,Apartment]",Hangers,24,0.6392213
"[Spain,Apartment]",Essentials,24,0.8606068
"[Spain,Apartment]",Elevator in building,25,0.578727
"[United States,Boutique hotel]",Fire extinguisher,55,0.73964494
"[United States,Boutique hotel]",Air conditioning,64,0.5976331
"[United States,Boutique hotel]",First aid kit,65,0.556213
"[United States,Boutique hotel]",TV,59,0.8224852
"[United States,Boutique hotel]",Elevator in building,66,0.52662724
"[United States,Boutique hotel]",Essentials,57,0.93491125
"[United States,Boutique hotel]",Smoke detector,57,0.9112426
"[United States,Boutique hotel]",Wireless Internet,57,1
"[United States,Boutique hotel]",Hangers,56,0.84615386
"[United States,Boutique hotel]",translation missing: en.hosting_amenity_50,55,0.5088757
"[United States,Boutique hotel]",Heating,58,0.9526627
"[United States,Boutique hotel]",Lock on bedroom door,59,0.7218935
"[United States,Boutique hotel]",Carbon monoxide detector,59,0.6745562
"[United States,Boutique hotel]",Shampoo,57,0.8816568
"[United States,Boutique hotel]",Laptop friendly workspace,59,0.8106509
"[United States,Boutique hotel]",Hair dryer,62,0.66863906
"[United States,Boutique hotel]",Iron,65,0.556213
"[United States,Boutique hotel]",Family/kid friendly,56,0.6390532
"[France,Bed & Breakfast]",Hair dryer,46,0.6363636
"[France,Bed & Breakfast]",Laptop friendly workspace,47,0.5328283
"[France,Bed & Breakfast]",Washer,38,0.4520202
"[France,Bed & Breakfast]",Shampoo,48,0.7373737
"[France,Bed & Breakfast]",Wireless Internet,45,0.96464646
"[France,Bed & Breakfast]",Elevator in building,48,0.5959596
"[France,Bed & Breakfast]",Internet,41,0.5277778
"[France,Bed & Breakfast]",Hangers,46,0.6287879
"[France,Bed & Breakfast]",TV,53,0.58838385
"[France,Bed & Breakfast]",Kitchen,38,0.44444445
"[France,Bed & Breakfast]",Iron,47,0.50252527
"[France,Bed & Breakfast]",Smoke detector,46,0.68686867
"[France,Bed & Breakfast]",Breakfast,47,0.8080808
"[France,Bed & Breakfast]",Family/kid friendly,44,0.5126263
"[France,Bed & Breakfast]",Essentials,46,0.8358586
"[France,Bed & Breakfast]",Heating,46,0.9469697
"[France,Guesthouse]",Wireless Internet,36,0.9726027
"[France,Guesthouse]",Heating,37,0.9315069
"[Greece,House]",Hair dryer,18,0.69381106
"[Greece,House]",Essentials,17,0.93485343
"[Greece,House]",TV,17,0.65798044
"[Greece,House]",Family/kid friendly,17,0.752443
"[Greece,House]",Iron,16,0.6807818
"[Greece,House]",Heating,17,0.88273615
"[Greece,House]",Internet,17,0.6905537
"[Greece,House]",Kitchen,17,0.9413681
"[Greece,House]",Washer,17,0.7589577
"[Greece,House]",Shampoo,17,0.8208469
"[Greece,House]",Fire extinguisher,17,0.4039088
"[Greece,House]",Air conditioning,17,0.7296417
"[Greece,House]",Wireless Internet,17,0.9641694
"[Greece,House]",Hangers,17,0.6970684
"[Greece,House]",Laptop friendly workspace,18,0.5928339
"[Greece,House]",First aid kit,18,0.5276873
"[Denmark,Bed & Breakfast]",Wireless Internet,202,0.9878049
"[Denmark,Bed & Breakfast]",Essentials,183,0.8414634
"[Denmark,Bed & Breakfast]",Heating,196,0.9512195
"[Netherlands,Boat]",Family/kid friendly,47,0.65767634
"[Netherlands,Boat]",Laptop friendly workspace,53,0.4834025
"[Netherlands,Boat]",Fire extinguisher,49,0.7842324
"[Netherlands,Boat]",First aid kit,49,0.593361
"[Netherlands,Boat]",Washer,54,0.5
"[Netherlands,Boat]",TV,55,0.65352696
"[Netherlands,Boat]",Hair dryer,53,0.53112036
"[Netherlands,Boat]",Smoke detector,51,0.7842324
"[Netherlands,Boat]",Hangers,52,0.5
"[Netherlands,Boat]",Shampoo,52,0.50829875
"[Netherlands,Boat]",Internet,54,0.60373443
"[Netherlands,Boat]",Kitchen,50,0.8900415
"[Netherlands,Boat]",Heating,50,0.94813275
"[Netherlands,Boat]",Wireless Internet,52,0.87759334
"[Netherlands,Boat]",Essentials,50,0.89626557
"[Netherlands,Boat]",Dryer,56,0.40456432
"[Netherlands,Boat]",Cable TV,54,0.43360996
"[United States,Camper/RV]",Wireless Internet,38,0.71548116
"[United States,Camper/RV]",Air conditioning,45,0.53974897
"[United States,Camper/RV]",Family/kid friendly,40,0.44769874
"[United States,Camper/RV]",Shampoo,37,0.57322174
"[United States,Camper/RV]",Heating,41,0.7866109
"[United States,Camper/RV]",TV,44,0.41004184
"[United States,Camper/RV]",Kitchen,42,0.8410042
"[United States,Camper/RV]",Fire extinguisher,41,0.52719665
"[United States,Camper/RV]",Hangers,38,0.47698745
"[United States,Camper/RV]",Free parking on premises,38,0.46861926
"[United States,Camper/RV]",Essentials,40,0.8117155
"[United States,Camper/RV]",Smoke detector,39,0.43933055
"[United States,Hostel]",Dryer,21,0.7076923
"[United States,Hostel]",Hangers,23,0.6923077
"[United States,Hostel]",First aid kit,20,0.6846154
"[United States,Hostel]",Heating,26,0.86153847
"[United States,Hostel]",translation missing: en.hosting_amenity_50,20,0.7
"[United States,Hostel]",Carbon monoxide detector,25,0.6769231
"[United States,Hostel]",Washer,21,0.7153846
"[United States,Hostel]",Iron,24,0.83076924
"[United States,Hostel]",Smoke detector,24,0.8230769
"[United States,Hostel]",Hair dryer,25,0.8384615
"[United States,Hostel]",Fire extinguisher,27,0.8076923
"[United States,Hostel]",Shampoo,20,0.6923077
"[United States,Hostel]",Lock on bedroom door,26,0.6
"[United States,Hostel]",translation missing: en.hosting_amenity_49,23,0.72307694
"[United States,Hostel]",Wireless Internet,27,0.97692305
"[United States,Hostel]",Essentials,26,0.9076923
"[United States,Hostel]",Laptop friendly workspace,28,0.7153846
"[United States,Hostel]",Air conditioning,24,0.77692306
"[United States,Hostel]",Kitchen,20,0.77692306
"[United States,Hostel]",TV,18,0.6
"[France,Boutique hotel]",Breakfast,66,0.5416667
"[France,Boutique hotel]",Essentials,57,0.975
"[France,Boutique hotel]",Iron,63,0.6333333
"[France,Boutique hotel]",Lock on bedroom door,58,0.81666666
"[France,Boutique hotel]",Fire extinguisher,53,0.725
"[France,Boutique hotel]",Heating,57,0.9916667
"[France,Boutique hotel]",Shampoo,58,0.94166666
"[France,Boutique hotel]",Air conditioning,63,0.69166666
"[France,Boutique hotel]",Hair dryer,57,0.93333334
"[France,Boutique hotel]",Family/kid friendly,55,0.71666664
"[France,Boutique hotel]",Hangers,59,0.90833336
"[France,Boutique hotel]",Smoke detector,57,0.80833334
"[France,Boutique hotel]",Elevator in building,57,0.9583333
"[France,Boutique hotel]",Safety card,55,0.6666667
"[France,Boutique hotel]",Wireless Internet,57,1
"[France,Boutique hotel]",Laptop friendly workspace,59,0.7583333
"[France,Boutique hotel]",TV,57,0.98333335
"[Ireland,Bed & Breakfast]",Hair dryer,32,0.5185185
"[Ireland,Bed & Breakfast]",Free parking on premises,32,0.7619048
"[Ireland,Bed & Breakfast]",Wireless Internet,31,0.962963
"[Ireland,Bed & Breakfast]",Breakfast,32,0.87830687
"[Ireland,Bed & Breakfast]",Heating,32,0.96825397
"[Ireland,Bed & Breakfast]",Hangers,31,0.5026455
"[Ireland,Bed & Breakfast]",Internet,32,0.64021164
"[Ireland,Bed & Breakfast]",Kitchen,31,0.5026455
"[Ireland,Bed & Breakfast]",Washer,32,0.50793654
"[Ireland,Bed & Breakfast]",Smoke detector,32,0.75132275
"[Ireland,Bed & Breakfast]",Shampoo,33,0.6507937
"[Ireland,Bed & Breakfast]",Family/kid friendly,32,0.5026455
"[Ireland,Bed & Breakfast]",Fire extinguisher,34,0.47619048
"[Ireland,Bed & Breakfast]",Essentials,31,0.8095238
"[Ireland,Bed & Breakfast]",First aid kit,30,0.5026455
"[Ireland,Bed & Breakfast]",Indoor fireplace,34,0.41798943
"[Ireland,Bed & Breakfast]",Iron,29,0.46560848
"[Ireland,Bed & Breakfast]",Carbon monoxide detector,28,0.46560848
"[Ireland,Bed & Breakfast]",TV,35,0.64021164
"[United States,Timeshare]",Cable TV,71,0.619403
"[United States,Timeshare]",Dryer,76,0.6791045
"[United States,Timeshare]",Air conditioning,76,0.9328358
"[United States,Timeshare]",Safety card,79,0.48507464
"[United States,Timeshare]",Carbon monoxide detector,72,0.6641791
"[United States,Timeshare]",TV,75,0.96268654
"[United States,Timeshare]",Washer,76,0.6865672
"[United States,Timeshare]",Laptop friendly workspace,77,0.7761194
"[United States,Timeshare]",Wireless Internet,75,0.9925373
"[United States,Timeshare]",Internet,72,0.57462686
"[United States,Timeshare]",Iron,71,0.75373137
"[United States,Timeshare]",Gym,75,0.7910448
"[United States,Timeshare]",Family/kid friendly,74,0.8358209
"[United States,Timeshare]",Hair dryer,70,0.86567163
"[United States,Timeshare]",24-hour check-in,74,0.47761193
"[United States,Timeshare]",Smoke detector,70,0.86567163
"[United States,Timeshare]",Kitchen,74,0.74626863
"[United States,Timeshare]",Hangers,77,0.8955224
"[United States,Timeshare]",Heating,75,0.96268654
"[United States,Timeshare]",Shampoo,76,0.8955224
"[United States,Timeshare]",Fire extinguisher,74,0.5970149
"[United States,Timeshare]",Elevator in building,77,0.9104478
"[United States,Timeshare]",Essentials,75,1
"[United States,Villa]",Dryer,45,0.7018868
"[United States,Villa]",TV,49,0.7849057
"[United States,Villa]",Iron,44,0.46037737
"[United States,Villa]",Washer,44,0.754717
"[United States,Villa]",Heating,48,0.8188679
"[United States,Villa]",Internet,45,0.7283019
"[United States,Villa]",Hair dryer,42,0.5245283
"[United States,Villa]",Air conditioning,44,0.68301886
"[United States,Villa]",Kitchen,44,0.83396226
"[United States,Villa]",Free parking on premises,42,0.6754717
"[United States,Villa]",Essentials,47,0.8754717
"[United States,Villa]",Smoke detector,45,0.6301887
"[United States,Villa]",Family/kid friendly,44,0.5584906
"[United States,Villa]",Shampoo,45,0.8113208
"[United States,Villa]",Wireless Internet,45,0.9509434
"[United States,Villa]",Laptop friendly workspace,45,0.51320755
"[United States,Villa]",Carbon monoxide detector,44,0.49811321
"[United States,Villa]",Cable TV,57,0.40377358
"[United States,Villa]",Hangers,44,0.66415095
"[United Kingdom,House]",Wireless Internet,27,0.9636627
"[United Kingdom,House]",Laptop friendly workspace,27,0.40513933
"[United Kingdom,House]",Iron,27,0.5447702
"[United Kingdom,House]",Shampoo,28,0.51190734
"[United Kingdom,House]",Dryer,30,0.4048498
"[United Kingdom,House]",Hair dryer,27,0.4418386
"[United Kingdom,House]",Internet,28,0.61346364
"[United Kingdom,House]",Washer,28,0.80463266
"[United Kingdom,House]",Smoke detector,28,0.73145133
"[United Kingdom,House]",Carbon monoxide detector,27,0.44205573
"[United Kingdom,House]",Essentials,27,0.8225118
"[United Kingdom,House]",Hangers,26,0.55360115
"[United Kingdom,House]",Family/kid friendly,27,0.47904453
"[United Kingdom,House]",Heating,27,0.9497647
"[United Kingdom,House]",TV,29,0.64574736
"[United Kingdom,House]",Kitchen,28,0.8902642
"[Australia,Loft]",Internet,56,0.61538464
"[Australia,Loft]",Essentials,57,0.9059829
"[Australia,Loft]",TV,55,0.74358976
"[Australia,Loft]",Air conditioning,58,0.5726496
"[Australia,Loft]",Shampoo,60,0.6666667
"[Australia,Loft]",Smoke detector,56,0.84615386
"[Australia,Loft]",Washer,56,0.7692308
"[Australia,Loft]",Wireless Internet,58,0.8974359
"[Australia,Loft]",Kitchen,59,0.83760685
"[Australia,Loft]",Iron,55,0.5555556
"[Australia,Loft]",Heating,55,0.7948718
"[Australia,Loft]",Hangers,56,0.61538464
"[Spain,Loft]",Laptop friendly workspace,29,0.5704698
"[Spain,Loft]",Essentials,29,0.904698
"[Spain,Loft]",TV,30,0.74228185
"[Spain,Loft]",Washer,29,0.8080537
"[Spain,Loft]",Elevator in building,29,0.44026846
"[Spain,Loft]",Hangers,30,0.7154362
"[Spain,Loft]",Heating,29,0.842953
"[Spain,Loft]",Air conditioning,31,0.6322148
"[Spain,Loft]",Hair dryer,30,0.61879194
"[Spain,Loft]",Internet,30,0.58255035
"[Spain,Loft]",Iron,30,0.5758389
"[Spain,Loft]",Kitchen,29,0.96778524
"[Spain,Loft]",Wireless Internet,29,0.9395973
"[Spain,Loft]",Family/kid friendly,28,0.6161074
"[Spain,Loft]",Shampoo,31,0.6496644
"[Germany,Bed & Breakfast]",Heating,25,0.97183096
"[Germany,Bed & Breakfast]",Essentials,26,0.75352114
"[Germany,Bed & Breakfast]",Family/kid friendly,27,0.5492958
"[Germany,Bed & Breakfast]",Laptop friendly workspace,25,0.471831
"[Germany,Bed & Breakfast]",Breakfast,27,0.58450705
"[Germany,Bed & Breakfast]",Washer,22,0.6760563
"[Germany,Bed & Breakfast]",Kitchen,22,0.69014084
"[Germany,Bed & Breakfast]",Wireless Internet,25,0.97183096
"[Germany,Bed & Breakfast]",Hair dryer,25,0.5422535
"[Germany,Bed & Breakfast]",Iron,21,0.45774648
"[Germany,Bed & Breakfast]",Hangers,24,0.5422535
"[Germany,Bed & Breakfast]",Shampoo,26,0.556338
"[Germany,Bed & Breakfast]",Internet,24,0.64084506
"[Germany,Bed & Breakfast]",TV,25,0.5
"[Germany,Condominium]",Family/kid friendly,21,0.46744573
"[Germany,Condominium]",Hangers,23,0.6293823
"[Germany,Condominium]",Kitchen,22,0.94991654
"[Germany,Condominium]",Wireless Internet,22,0.9532554
"[Germany,Condominium]",Internet,22,0.6093489
"[Germany,Condominium]",Washer,22,0.82470787
"[Germany,Condominium]",Hair dryer,22,0.64440733
"[Germany,Condominium]",Essentials,22,0.836394
"[Germany,Condominium]",Buzzer/wireless intercom,23,0.4490818
"[Germany,Condominium]",TV,24,0.50250417
"[Germany,Condominium]",Laptop friendly workspace,22,0.5859766
"[Germany,Condominium]",Heating,22,0.95659435
"[Germany,Condominium]",Shampoo,23,0.40567613
"[Germany,Condominium]",Iron,23,0.48414025
"[Germany,Other]",Kitchen,21,0.77272725
"[Germany,Other]",Heating,22,0.95454544
"[Germany,Other]",Wireless Internet,22,0.92045456
"[Germany,Loft]",Wireless Internet,33,0.97356826
"[Germany,Loft]",Iron,32,0.47577092
"[Germany,Loft]",Smoke detector,32,0.43612334
"[Germany,Loft]",Shampoo,33,0.44052863
"[Germany,Loft]",Washer,34,0.7797357
"[Germany,Loft]",Hangers,31,0.53744495
"[Germany,Loft]",Essentials,33,0.8325991
"[Germany,Loft]",Family/kid friendly,30,0.5947136
"[Germany,Loft]",Hair dryer,31,0.5462555
"[Germany,Loft]",Laptop friendly workspace,33,0.5814978
"[Germany,Loft]",Buzzer/wireless intercom,36,0.56828195
"[Germany,Loft]",Heating,33,0.98237884
"[Germany,Loft]",Kitchen,33,0.9779736
"[Germany,Loft]",Internet,35,0.75770926
"[Germany,Loft]",TV,39,0.52422905
"[United States,Boat]",Kitchen,65,0.828125
"[United States,Boat]",TV,63,0.6328125
"[United States,Boat]",Heating,67,0.7265625
"[United States,Boat]",Wireless Internet,64,0.640625
"[United States,Boat]",Essentials,61,0.765625
"[Australia,Apartment]",Free parking on premises,53,0.40338644
"[Australia,Apartment]",Elevator in building,55,0.43824703
"[Australia,Apartment]",TV,55,0.86752987
"[Australia,Apartment]",Hair dryer,52,0.5532219
"[Australia,Apartment]",Laptop friendly workspace,53,0.51325136
"[Australia,Apartment]",Air conditioning,53,0.49003986
"[Australia,Apartment]",Wireless Internet,54,0.8880998
"[Australia,Apartment]",Smoke detector,54,0.8393816
"[Australia,Apartment]",Internet,53,0.5761303
"[Australia,Apartment]",Family/kid friendly,51,0.5293175
"[Australia,Apartment]",Heating,53,0.66707087
"[Australia,Apartment]",Shampoo,53,0.6177897
"[Australia,Apartment]",Dryer,56,0.60280615
"[Australia,Apartment]",Hangers,53,0.66131127
"[Australia,Apartment]",Washer,54,0.88190717
"[Australia,Apartment]",Kitchen,54,0.9699463
"[Australia,Apartment]",Iron,53,0.6438593
"[Australia,Apartment]",Essentials,54,0.87233675
"[Hong Kong,House]",Family/Kid Friendly,173,0.53731346
"[Hong Kong,House]",Kitchen,217,0.46766168
"[Hong Kong,House]",Wireless Internet,201,0.94527364
"[Hong Kong,House]",Hangers,188,0.40298507
"[Hong Kong,House]",Essentials,207,0.5572139
"[Hong Kong,House]",Smoke Detector,186,0.40298507
"[Hong Kong,House]",Shampoo,192,0.8358209
"[Hong Kong,House]",Washer,223,0.46268657
"[Hong Kong,House]",Fire Extinguisher,174,0.41791046
"[Hong Kong,House]",Internet,207,0.46268657
"[Hong Kong,House]",Air Conditioning,200,0.95522386
"[Hong Kong,House]",TV,195,0.82587063
"[Hong Kong,House]",Elevator in Building,189,0.42288557
"[Hong Kong,House]",Hair Dryer,186,0.45273632
"[Italy,Loft]",Hangers,27,0.65384614
"[Italy,Loft]",Heating,27,0.9551282
"[Italy,Loft]",Essentials,27,0.88141024
"[Italy,Loft]",Internet,27,0.53205127
"[Italy,Loft]",Wireless Internet,27,0.92948717
"[Italy,Loft]",Washer,27,0.5416667
"[Italy,Loft]",TV,28,0.775641
"[Italy,Loft]",Air conditioning,29,0.69871795
"[Italy,Loft]",Hair dryer,27,0.71153843
"[Italy,Loft]",Iron,26,0.4903846
"[Italy,Loft]",Laptop friendly workspace,27,0.5576923
"[Italy,Loft]",Kitchen,27,0.9358974
"[Italy,Loft]",Family/kid friendly,26,0.650641
"[Italy,Loft]",Shampoo,26,0.6923077
"[Italy,Loft]",First aid kit,27,0.41666666
"[Austria,Apartment]",Iron,21,0.58159864
"[Austria,Apartment]",Elevator in building,22,0.5920067
"[Austria,Apartment]",Hangers,21,0.6540383
"[Austria,Apartment]",Essentials,21,0.86372465
"[Austria,Apartment]",TV,22,0.6167083
"[Austria,Apartment]",Heating,21,0.9744657
"[Austria,Apartment]",Washer,20,0.8406883
"[Austria,Apartment]",Laptop friendly workspace,20,0.61795723
"[Austria,Apartment]",Internet,21,0.6754094
"[Austria,Apartment]",Kitchen,21,0.97224534
"[Austria,Apartment]",Family/kid friendly,20,0.63266724
"[Austria,Apartment]",Hair dryer,20,0.6724951
"[Austria,Apartment]",Buzzer/wireless intercom,21,0.56980294
"[Austria,Apartment]",Shampoo,21,0.5305301
"[Austria,Apartment]",Wireless Internet,21,0.96516794
"[Hong Kong,Apartment]",Hangers,227,0.46930212
"[Hong Kong,Apartment]",Internet,240,0.5598498
"[Hong Kong,Apartment]",Washer,255,0.5008834
"[Hong Kong,Apartment]",Family/Kid Friendly,202,0.54527384
"[Hong Kong,Apartment]",Essentials,229,0.81448764
"[Hong Kong,Apartment]",Air Conditioning,229,0.9770318
"[Hong Kong,Apartment]",TV,225,0.7756184
"[Hong Kong,Apartment]",Elevator in Building,229,0.77606004
"[Hong Kong,Apartment]",Hair Dryer,221,0.46444348
"[Hong Kong,Apartment]",Wireless Internet,228,0.9494258
"[Hong Kong,Apartment]",Kitchen,248,0.64686394
"[Hong Kong,Apartment]",Shampoo,224,0.7550795
"[Australia,Other]",Heating,49,0.47619048
"[Australia,Other]",Family/kid friendly,39,0.5595238
"[Australia,Other]",Iron,50,0.4047619
"[Australia,Other]",TV,42,0.6666667
"[Australia,Other]",Wireless Internet,40,0.7916667
"[Australia,Other]",Dryer,37,0.51488096
"[Australia,Other]",Washer,39,0.75
"[Australia,Other]",Essentials,42,0.89285713
"[Australia,Other]",Hangers,49,0.47916666
"[Australia,Other]",First aid kit,36,0.41666666
"[Australia,Other]",Smoke detector,40,0.76785713
"[Australia,Other]",Shampoo,48,0.5744048
"[Australia,Other]",Internet,37,0.52678573
"[Australia,Other]",Fire extinguisher,38,0.4642857
"[Australia,Other]",Kitchen,42,0.77380955
"[Germany,House]",Wireless Internet,21,0.93088555
"[Germany,House]",Hair dryer,21,0.5399568
"[Germany,House]",Free parking on premises,19,0.41468683
"[Germany,House]",Iron,22,0.43196544
"[Germany,House]",Essentials,21,0.7516199
"[Germany,House]",Hangers,21,0.53563714
"[Germany,House]",Family/kid friendly,20,0.62203026
"[Germany,House]",Kitchen,21,0.87473005
"[Germany,House]",Heating,22,0.9654428
"[Germany,House]",TV,22,0.6285097
"[Germany,House]",Washer,21,0.7451404
"[Germany,House]",Internet,21,0.62634987
"[Germany,House]",Smoke detector,23,0.41036716
"[Germany,House]",Laptop friendly workspace,22,0.4600432
"[Netherlands,Apartment]",Heating,48,0.9771802
"[Netherlands,Apartment]",Washer,48,0.7677299
"[Netherlands,Apartment]",Internet,49,0.6956227
"[Netherlands,Apartment]",Smoke detector,49,0.7497455
"[Netherlands,Apartment]",TV,49,0.7977604
"[Netherlands,Apartment]",Kitchen,48,0.9559722
"[Netherlands,Apartment]",Dryer,50,0.41610113
"[Netherlands,Apartment]",Shampoo,49,0.61011195
"[Netherlands,Apartment]",Cable TV,50,0.47522905
"[Netherlands,Apartment]",Hair dryer,49,0.5282491
"[Netherlands,Apartment]",Hangers,48,0.5654055
"[Netherlands,Apartment]",Laptop friendly workspace,49,0.5643875
"[Netherlands,Apartment]",Family/kid friendly,47,0.53987104
"[Netherlands,Apartment]",Wireless Internet,48,0.98557854
"[Netherlands,Apartment]",Iron,49,0.5500509
"[Netherlands,Apartment]",Essentials,48,0.9251782
"[Italy,Apartment]",Air conditioning,28,0.65083146
"[Italy,Apartment]",Laptop friendly workspace,26,0.49281356
"[Italy,Apartment]",Heating,26,0.9620206
"[Italy,Apartment]",Internet,26,0.5354726
"[Italy,Apartment]",Hair dryer,26,0.6784491
"[Italy,Apartment]",Essentials,26,0.8609927
"[Italy,Apartment]",Iron,25,0.542074
"[Italy,Apartment]",Shampoo,26,0.58515084
"[Italy,Apartment]",Wireless Internet,26,0.8929556
"[Italy,Apartment]",Family/kid friendly,25,0.7343946
"[Italy,Apartment]",Hangers,26,0.6083814
"[Italy,Apartment]",TV,26,0.82940584
"[Italy,Apartment]",Washer,25,0.67214006
"[Italy,Apartment]",Elevator in building,24,0.47041866
"[Italy,Apartment]",Kitchen,26,0.907997
"[Australia,Townhouse]",TV,46,0.84496826
"[Australia,Townhouse]",Smoke detector,45,0.83499545
"[Australia,Townhouse]",Hair dryer,45,0.58204895
"[Australia,Townhouse]",Hangers,44,0.7325476
"[Australia,Townhouse]",Essentials,45,0.89936537
"[Australia,Townhouse]",Shampoo,45,0.5956482
"[Australia,Townhouse]",Wireless Internet,45,0.900272
"[Australia,Townhouse]",Laptop friendly workspace,44,0.57207614
"[Australia,Townhouse]",Family/kid friendly,44,0.52221215
"[Australia,Townhouse]",Air conditioning,43,0.59292835
"[Australia,Townhouse]",Internet,46,0.5158658
"[Australia,Townhouse]",Dryer,49,0.5095195
"[Australia,Townhouse]",Kitchen,45,0.97008157
"[Australia,Townhouse]",Iron,44,0.71985495
"[Australia,Townhouse]",Washer,45,0.8912058
"[Australia,Townhouse]",Free parking on premises,45,0.5575703
"[Australia,Townhouse]",Heating,45,0.7479601
"[Spain,Chalet]",Internet,23,0.49460432
"[Spain,Chalet]",Hangers,24,0.55755395
"[Spain,Chalet]",Family/kid friendly,24,0.79136693
"[Spain,Chalet]",Pool,26,0.7140288
"[Spain,Chalet]",Indoor fireplace,25,0.5143885
"[Spain,Chalet]",Heating,24,0.6294964
"[Spain,Chalet]",Essentials,24,0.90467626
"[Spain,Chalet]",Wireless Internet,24,0.8723022
"[Spain,Chalet]",Cable TV,24,0.53417265
"[Spain,Chalet]",Iron,23,0.6672662
"[Spain,Chalet]",Kitchen,24,0.9820144
"[Spain,Chalet]",Washer,24,0.9694245
"[Spain,Chalet]",Hair dryer,23,0.5755396
"[Spain,Chalet]",Free parking on premises,24,0.6942446
"[Spain,Chalet]",Air conditioning,25,0.64028776
"[Spain,Chalet]",TV,24,0.9388489
"[United States,Bungalow]",Essentials,47,0.92256343
"[United States,Bungalow]",Carbon monoxide detector,48,0.5353805
"[United States,Bungalow]",Iron,45,0.5847797
"[United States,Bungalow]",Internet,48,0.6528705
"[United States,Bungalow]",Free parking on premises,48,0.52069426
"[United States,Bungalow]",Fire extinguisher,48,0.4445928
"[United States,Bungalow]",Air conditioning,46,0.52870494
"[United States,Bungalow]",Hair dryer,48,0.5740988
"[United States,Bungalow]",Dryer,48,0.55006677
"[United States,Bungalow]",Kitchen,48,0.8744993
"[United States,Bungalow]",Hangers,47,0.7636849
"[United States,Bungalow]",Family/kid friendly,45,0.48598132
"[United States,Bungalow]",Shampoo,47,0.78638184
"[United States,Bungalow]",Laptop friendly workspace,47,0.5834446
"[United States,Bungalow]",Smoke detector,47,0.7022697
"[United States,Bungalow]",Wireless Internet,48,0.9732977
"[United States,Bungalow]",TV,48,0.7396529
"[United States,Bungalow]",Washer,48,0.5607477
"[United States,Bungalow]",Heating,47,0.90787715
"[Australia,Bungalow]",Essentials,47,0.89617485
"[Australia,Bungalow]",Shampoo,46,0.61202186
"[Australia,Bungalow]",Smoke detector,40,0.61202186
"[Australia,Bungalow]",Heating,46,0.8251366
"[Australia,Bungalow]",Iron,44,0.568306
"[Australia,Bungalow]",Wireless Internet,46,0.78688526
"[Australia,Bungalow]",Internet,47,0.431694
"[Australia,Bungalow]",Washer,43,0.59016395
"[Australia,Bungalow]",Family/kid friendly,39,0.46448088
"[Australia,Bungalow]",Laptop friendly workspace,42,0.43715847
"[Australia,Bungalow]",Free parking on premises,40,0.47540984
"[Australia,Bungalow]",Hangers,45,0.715847
"[Australia,Bungalow]",TV,48,0.79234976
"[Australia,Bungalow]",Kitchen,48,0.8087432
"[Australia,Bungalow]",Hair dryer,40,0.46448088
"[France,Condominium]",Kitchen,29,0.9422383
"[France,Condominium]",Iron,31,0.5451264
"[France,Condominium]",Wireless Internet,30,0.9133574
"[France,Condominium]",Smoke detector,31,0.62454873
"[France,Condominium]",Heating,30,0.93501806
"[France,Condominium]",Washer,29,0.6714801
"[France,Condominium]",Internet,29,0.63176894
"[France,Condominium]",Family/kid friendly,26,0.5270758
"[France,Condominium]",Laptop friendly workspace,31,0.5234657
"[France,Condominium]",Essentials,30,0.86281586
"[France,Condominium]",Hangers,30,0.5740072
"[France,Condominium]",Shampoo,31,0.50541514
"[France,Condominium]",TV,31,0.64620936
"[France,Condominium]",Elevator in building,32,0.66064984
"[France,Condominium]",Hair dryer,31,0.54873645
"[United States,Bed & Breakfast]",Fire extinguisher,51,0.4674013
"[United States,Bed & Breakfast]",Smoke detector,49,0.64095503
"[United States,Bed & Breakfast]",Washer,45,0.54912764
"[United States,Bed & Breakfast]",TV,52,0.6455464
"[United States,Bed & Breakfast]",Free parking on premises,46,0.41230488
"[United States,Bed & Breakfast]",First aid kit,49,0.48301193
"[United States,Bed & Breakfast]",Wireless Internet,51,0.9550046
"[United States,Bed & Breakfast]",Shampoo,49,0.70339763
"[United States,Bed & Breakfast]",Kitchen,46,0.6528926
"[United States,Bed & Breakfast]",Heating,51,0.9017447
"[United States,Bed & Breakfast]",Hangers,50,0.5610652
"[United States,Bed & Breakfast]",Breakfast,51,0.72268134
"[United States,Bed & Breakfast]",Carbon monoxide detector,50,0.46556473
"[United States,Bed & Breakfast]",Air conditioning,50,0.59504133
"[United States,Bed & Breakfast]",Dryer,46,0.54269975
"[United States,Bed & Breakfast]",Hair dryer,50,0.46556473
"[United States,Bed & Breakfast]",Cable TV,55,0.44536272
"[United States,Bed & Breakfast]",Iron,49,0.5197429
"[United States,Bed & Breakfast]",Essentials,49,0.805326
"[United States,Bed & Breakfast]",Internet,48,0.64921945
"[United States,House]",Laptop friendly workspace,44,0.44686037
"[United States,House]",Hangers,43,0.61913323
"[United States,House]",Family/kid friendly,45,0.45213002
"[United States,House]",Essentials,44,0.86151195
"[United States,House]",Hair dryer,44,0.45183453
"[United States,House]",Fire extinguisher,45,0.42915538
"[United States,House]",Shampoo,43,0.7188131
"[United States,House]",Wireless Internet,45,0.9724452
"[United States,House]",Heating,45,0.9269884
"[United States,House]",Internet,44,0.69950753
"[United States,House]",Smoke detector,45,0.6465649
"[United States,House]",Dryer,46,0.7262251
"[United States,House]",Air conditioning,45,0.55900025
"[United States,House]",Carbon monoxide detector,44,0.4920463
"[United States,House]",TV,46,0.72637284
"[United States,House]",Iron,43,0.5414184
"[United States,House]",Kitchen,45,0.88448656
"[United States,House]",Washer,46,0.7331199
"[United States,House]",Free parking on premises,46,0.5023393
"[Denmark,Villa]",Wireless Internet,173,0.9705882
"[Denmark,Villa]",Heating,176,0.9705882
"[Denmark,Villa]",Free parking on premises,175,0.9411765
"[Spain,Condominium]",Wireless Internet,24,0.9125432
"[Spain,Condominium]",Internet,24,0.46720368
"[Spain,Condominium]",Elevator in building,25,0.56271577
"[Spain,Condominium]",Hangers,24,0.7548907
"[Spain,Condominium]",Washer,24,0.81933254
"[Spain,Condominium]",TV,25,0.7790564
"[Spain,Condominium]",Essentials,24,0.90909094
"[Spain,Condominium]",Laptop friendly workspace,25,0.5327963
"[Spain,Condominium]",Family/kid friendly,22,0.6329114
"[Spain,Condominium]",Kitchen,24,0.94591486
"[Spain,Condominium]",Hair dryer,24,0.62025315
"[Spain,Condominium]",Heating,24,0.75949365
"[Spain,Condominium]",Air conditioning,25,0.5051784
"[Spain,Condominium]",Buzzer/wireless intercom,22,0.4027618
"[Spain,Condominium]",Iron,24,0.6087457
"[Spain,Condominium]",Shampoo,24,0.59838897
"[Belgium,Loft]",Washer,26,0.64361703
"[Belgium,Loft]",Buzzer/wireless intercom,26,0.45212767
"[Belgium,Loft]",Laptop friendly workspace,26,0.64893615
"[Belgium,Loft]",Hair dryer,26,0.56914896
"[Belgium,Loft]",Shampoo,27,0.64361703
"[Belgium,Loft]",Essentials,27,0.89361703
"[Belgium,Loft]",Hangers,27,0.61170214
"[Belgium,Loft]",Heating,26,0.9734042
"[Belgium,Loft]",Fire extinguisher,26,0.44680852
"[Belgium,Loft]",Kitchen,26,0.9361702
"[Belgium,Loft]",Iron,26,0.5638298
"[Belgium,Loft]",Smoke detector,27,0.64361703
"[Belgium,Loft]",Wireless Internet,26,0.95212764
"[Belgium,Loft]",Family/kid friendly,25,0.62234044
"[Belgium,Loft]",TV,28,0.5744681
"[Belgium,Loft]",Internet,27,0.62765956
"[Belgium,Apartment]",Laptop friendly workspace,23,0.5282785
"[Belgium,Apartment]",TV,25,0.58200777
"[Belgium,Apartment]",Heating,24,0.96429837
"[Belgium,Apartment]",Hangers,24,0.58377516
"[Belgium,Apartment]",Hair dryer,24,0.54630613
"[Belgium,Apartment]",Washer,24,0.602333
"[Belgium,Apartment]",Kitchen,23,0.9589961
"[Belgium,Apartment]",Internet,24,0.5807706
"[Belgium,Apartment]",Buzzer/wireless intercom,24,0.41675505
"[Belgium,Apartment]",Family/kid friendly,22,0.5551432
"[Belgium,Apartment]",Wireless Internet,23,0.95917284
"[Belgium,Apartment]",Essentials,23,0.88653237
"[Belgium,Apartment]",Smoke detector,24,0.63803464
"[Belgium,Apartment]",Shampoo,24,0.59049135
"[Belgium,Apartment]",Iron,23,0.52315307
"[United Kingdom,Apartment]",Kitchen,32,0.95667887
"[United Kingdom,Apartment]",Dryer,35,0.4324287
"[United Kingdom,Apartment]",Shampoo,32,0.5962986
"[United Kingdom,Apartment]",Smoke detector,33,0.6839307
"[United Kingdom,Apartment]",Heating,32,0.9559653
"[United Kingdom,Apartment]",Hangers,32,0.61756784
"[United Kingdom,Apartment]",Wireless Internet,32,0.9547453
"[United Kingdom,Apartment]",Iron,32,0.60808414
"[United Kingdom,Apartment]",Laptop friendly workspace,33,0.43954146
"[United Kingdom,Apartment]",Carbon monoxide detector,33,0.40241235
"[United Kingdom,Apartment]",Hair dryer,33,0.48615426
"[United Kingdom,Apartment]",Family/kid friendly,32,0.47952488
"[United Kingdom,Apartment]",TV,33,0.68922496
"[United Kingdom,Apartment]",Internet,32,0.6244044
"[United Kingdom,Apartment]",Essentials,32,0.85841215
"[United Kingdom,Apartment]",Washer,32,0.8640978
"[Australia,Cabin]",Essentials,56,0.8013468
"[Australia,Cabin]",Pets live on this property,50,0.41414142
"[Australia,Cabin]",Hangers,58,0.4949495
"[Australia,Cabin]",Smoke detector,54,0.46127945
"[Australia,Cabin]",TV,58,0.73063976
"[Australia,Cabin]",Heating,56,0.7676768
"[Australia,Cabin]",Kitchen,57,0.7912458
"[Australia,Cabin]",Shampoo,58,0.5555556
"[Australia,Cabin]",Washer,53,0.47138047
"[Australia,Cabin]",Iron,58,0.4006734
"[Australia,Cabin]",Wireless Internet,56,0.6060606
"[Belgium,House]",Washer,21,0.5784114
"[Belgium,House]",Smoke detector,23,0.592668
"[Belgium,House]",Family/kid friendly,22,0.52138495
"[Belgium,House]",Wireless Internet,23,0.9694501
"[Belgium,House]",Shampoo,24,0.5325866
"[Belgium,House]",Kitchen,22,0.85845214
"[Belgium,House]",Hangers,22,0.5376782
"[Belgium,House]",Iron,23,0.45010182
"[Belgium,House]",Laptop friendly workspace,22,0.4898167
"[Belgium,House]",Essentials,23,0.8462322
"[Belgium,House]",TV,25,0.43584523
"[Belgium,House]",Hair dryer,23,0.45417514
"[Belgium,House]",Heating,23,0.9419552
"[Belgium,House]",Internet,23,0.5641548
"[Hong Kong,Dorm]",Elevator in Building,97,0.84765625
"[Hong Kong,Dorm]",Air Conditioning,98,0.9609375
"[Hong Kong,Dorm]",TV,100,0.7734375
"[Hong Kong,Dorm]",Smoke Detector,91,0.69921875
"[Hong Kong,Dorm]",Essentials,105,0.75
"[Hong Kong,Dorm]",Internet,89,0.64453125
"[Hong Kong,Dorm]",First Aid Kit,93,0.5859375
"[Hong Kong,Dorm]",Fire Extinguisher,92,0.6640625
"[Hong Kong,Dorm]",Doorman,87,0.40625
"[Hong Kong,Dorm]",Family/Kid Friendly,102,0.67578125
"[Hong Kong,Dorm]",Hair Dryer,95,0.5234375
"[Hong Kong,Dorm]",Wireless Internet,98,0.94921875
"[Hong Kong,Dorm]",Carbon Monoxide Detector,102,0.4296875
"[Hong Kong,Dorm]",Washer,92,0.44921875
"[Hong Kong,Dorm]",Hangers,94,0.5
"[Hong Kong,Dorm]",Shampoo,107,0.65625
"[United States,Townhouse]",Hangers,45,0.7683837
"[United States,Townhouse]",Wireless Internet,46,0.97797513
"[United States,Townhouse]",Hair dryer,46,0.54174066
"[United States,Townhouse]",Essentials,46,0.9204263
"[United States,Townhouse]",Kitchen,46,0.91545296
"[United States,Townhouse]",Laptop friendly workspace,47,0.53001773
"[United States,Townhouse]",Heating,46,0.9428064
"[United States,Townhouse]",Family/kid friendly,45,0.44689167
"[United States,Townhouse]",Washer,46,0.764476
"[United States,Townhouse]",Carbon monoxide detector,46,0.5573712
"[United States,Townhouse]",Smoke detector,47,0.69982237
"[United States,Townhouse]",Fire extinguisher,48,0.44333926
"[United States,Townhouse]",Internet,45,0.669627
"[United States,Townhouse]",Air conditioning,46,0.6554174
"[United States,Townhouse]",Shampoo,45,0.7563055
"[United States,Townhouse]",Dryer,46,0.7616341
"[United States,Townhouse]",Free parking on premises,45,0.40746003
"[United States,Townhouse]",Iron,45,0.6465364
"[United States,Townhouse]",TV,47,0.77015984
"[Denmark,House]",Wireless Internet,169,0.9843014
"[Denmark,House]",Dryer,161,0.5902669
"[Denmark,House]",Family/kid friendly,157,0.7990581
"[Denmark,House]",Laptop friendly workspace,166,0.4976452
"[Denmark,House]",Internet,164,0.6043956
"[Denmark,House]",Free parking on premises,164,0.86499214
"[Denmark,House]",Smoke detector,166,0.6640502
"[Denmark,House]",Iron,162,0.52904236
"[Denmark,House]",TV,159,0.6640502
"[Denmark,House]",Heating,168,0.94034535
"[Denmark,House]",Washer,166,0.833595
"[Denmark,House]",Hair dryer,165,0.4489796
"[Denmark,House]",Kitchen,167,0.91679746
"[Denmark,House]",Essentials,169,0.85400313
"[Denmark,House]",Hangers,171,0.4678179
"[Greece,Apartment]",Iron,14,0.7003065
"[Greece,Apartment]",Family/kid friendly,14,0.7545972
"[Greece,Apartment]",Shampoo,14,0.81698775
"[Greece,Apartment]",TV,15,0.74802977
"[Greece,Apartment]",Air conditioning,15,0.82574433
"[Greece,Apartment]",Hair dryer,14,0.73511386
"[Greece,Apartment]",Essentials,14,0.931042
"[Greece,Apartment]",Internet,14,0.6414186
"[Greece,Apartment]",Wireless Internet,14,0.94133097
"[Greece,Apartment]",Kitchen,14,0.96169
"[Greece,Apartment]",Heating,14,0.87302977
"[Greece,Apartment]",Laptop friendly workspace,14,0.62894046
"[Greece,Apartment]",Elevator in building,14,0.7635727
"[Greece,Apartment]",Hangers,14,0.78612083
"[Greece,Apartment]",First aid kit,14,0.46081436
"[Greece,Apartment]",Washer,14,0.71037656
"[Ireland,Apartment]",Hangers,35,0.6368013
"[Ireland,Apartment]",Hair dryer,36,0.56913614
"[Ireland,Apartment]",Elevator in building,37,0.55469376
"[Ireland,Apartment]",TV,37,0.58732283
"[Ireland,Apartment]",Laptop friendly workspace,36,0.48355174
"[Ireland,Apartment]",Wireless Internet,36,0.9347419
"[Ireland,Apartment]",Kitchen,36,0.9304627
"[Ireland,Apartment]",Internet,36,0.6140679
"[Ireland,Apartment]",Washer,36,0.8101097
"[Ireland,Apartment]",Shampoo,36,0.69778013
"[Ireland,Apartment]",Essentials,36,0.8981011
"[Ireland,Apartment]",Dryer,36,0.5410538
"[Ireland,Apartment]",Fire extinguisher,36,0.4597486
"[Ireland,Apartment]",Family/kid friendly,35,0.5135063
"[Ireland,Apartment]",Smoke detector,36,0.7932602
"[Ireland,Apartment]",Heating,36,0.93875366
"[Ireland,Apartment]",Iron,36,0.6394758
"[Netherlands,Condominium]",Hangers,47,0.6527778
"[Netherlands,Condominium]",Cable TV,50,0.4097222
"[Netherlands,Condominium]",Laptop friendly workspace,48,0.5243056
"[Netherlands,Condominium]",First aid kit,49,0.4201389
"[Netherlands,Condominium]",Kitchen,47,0.9166667
"[Netherlands,Condominium]",Heating,47,0.9722222
"[Netherlands,Condominium]",TV,48,0.7951389
"[Netherlands,Condominium]",Essentials,47,0.9513889
"[Netherlands,Condominium]",Washer,46,0.6805556
"[Netherlands,Condominium]",Iron,48,0.5868056
"[Netherlands,Condominium]",Family/kid friendly,47,0.5347222
"[Netherlands,Condominium]",Internet,48,0.6076389
"[Netherlands,Condominium]",Hair dryer,47,0.5625
"[Netherlands,Condominium]",Shampoo,48,0.5590278
"[Netherlands,Condominium]",Smoke detector,48,0.7916667
"[Netherlands,Condominium]",Wireless Internet,47,0.9895833
"[Canada,Loft]",Wireless Internet,48,0.9697322
"[Canada,Loft]",Essentials,48,0.911525
"[Canada,Loft]",Shampoo,48,0.6926659
"[Canada,Loft]",Smoke detector,56,0.4935972
"[Canada,Loft]",Iron,49,0.49708962
"[Canada,Loft]",Heating,48,0.9790454
"[Canada,Loft]",TV,51,0.71827704
"[Canada,Loft]",Washer,49,0.8323632
"[Canada,Loft]",Kitchen,48,0.97438884
"[Canada,Loft]",Hangers,48,0.56344587
"[Canada,Loft]",Internet,48,0.71944124
"[Canada,Loft]",Dryer,49,0.81722933
"[France,Other]",Iron,48,0.53939396
"[France,Other]",Hangers,48,0.6848485
"[France,Other]",Kitchen,39,0.5272727
"[France,Other]",Essentials,46,0.8848485
"[France,Other]",Laptop friendly workspace,50,0.6060606
"[France,Other]",Wireless Internet,45,0.8606061
"[France,Other]",TV,50,0.6666667
"[France,Other]",Heating,44,0.92727274
"[France,Other]",Hair dryer,49,0.6242424
"[France,Other]",Smoke detector,45,0.630303
"[France,Other]",Family/kid friendly,52,0.5151515
"[France,Other]",Elevator in building,49,0.6424242
"[France,Other]",Shampoo,50,0.6666667
"[France,Other]",Internet,43,0.4181818
"[France,Other]",24-hour check-in,53,0.43636364
"[France,House]",Internet,33,0.69535285
"[France,House]",Family/kid friendly,33,0.6557659
"[France,House]",Laptop friendly workspace,34,0.4870912
"[France,House]",Washer,35,0.7969019
"[France,House]",Essentials,33,0.82788295
"[France,House]",Shampoo,35,0.52151465
"[France,House]",Iron,35,0.54044753
"[France,House]",Smoke detector,34,0.58003443
"[France,House]",Dryer,37,0.43373495
"[France,House]",Hair dryer,35,0.53356284
"[France,House]",TV,36,0.64027536
"[France,House]",Kitchen,33,0.9328744
"[France,House]",Hangers,35,0.52151465
"[France,House]",Heating,33,0.9483649
"[France,House]",Wireless Internet,33,0.9518072
"[Italy,Villa]",Family/kid friendly,23,0.78518516
"[Italy,Villa]",Laptop friendly workspace,24,0.44814816
"[Italy,Villa]",Kitchen,24,0.8333333
"[Italy,Villa]",Free parking on premises,23,0.6888889
"[Italy,Villa]",Hangers,24,0.5185185
"[Italy,Villa]",Wireless Internet,24,0.8148148
"[Italy,Villa]",Iron,24,0.42962962
"[Italy,Villa]",Pets allowed,23,0.43703705
"[Italy,Villa]",Hair dryer,24,0.56666666
"[Italy,Villa]",Internet,22,0.42222223
"[Italy,Villa]",Heating,24,0.93703705
"[Italy,Villa]",First aid kit,23,0.4074074
"[Italy,Villa]",Essentials,24,0.82592595
"[Italy,Villa]",TV,24,0.837037
"[Italy,Villa]",Shampoo,23,0.54814816
"[Italy,Villa]",Air conditioning,26,0.58518517
"[Italy,Villa]",Washer,25,0.6962963
"[United States,Guest suite]",Wireless Internet,45,0.9864865
"[United States,Guest suite]",Smoke detector,46,0.9324324
"[United States,Guest suite]",Heating,46,0.9189189
"[United States,Guest suite]",Air conditioning,45,0.9459459
"[United States,Guest suite]",Essentials,46,0.9189189
"[United Kingdom,Loft]",Internet,33,0.6007463
"[United Kingdom,Loft]",Washer,34,0.8171642
"[United Kingdom,Loft]",Hangers,34,0.5932836
"[United Kingdom,Loft]",Iron,37,0.51492536
"[United Kingdom,Loft]",Essentials,33,0.83208954
"[United Kingdom,Loft]",Kitchen,34,0.91791046
"[United Kingdom,Loft]",Wireless Internet,33,0.9738806
"[United Kingdom,Loft]",Heating,34,0.9701493
"[United Kingdom,Loft]",Smoke detector,34,0.75373137
"[United Kingdom,Loft]",Hair dryer,36,0.47014925
"[United Kingdom,Loft]",translation missing: en.hosting_amenity_50,36,0.4067164
"[United Kingdom,Loft]",Shampoo,35,0.58208954
"[United Kingdom,Loft]",Carbon monoxide detector,35,0.4402985
"[United Kingdom,Loft]",Laptop friendly workspace,34,0.5298507
"[United Kingdom,Loft]",TV,36,0.52238804
"[Italy,Bed & Breakfast]",Hangers,32,0.4661122
"[Italy,Bed & Breakfast]",Air conditioning,33,0.7563263
"[Italy,Bed & Breakfast]",First aid kit,31,0.59759337
"[Italy,Bed & Breakfast]",Fire extinguisher,32,0.6069722
"[Italy,Bed & Breakfast]",Shampoo,32,0.7281897
"[Italy,Bed & Breakfast]",Wireless Internet,32,0.95717573
"[Italy,Bed & Breakfast]",Elevator in building,32,0.59759337
"[Italy,Bed & Breakfast]",Family/kid friendly,30,0.7115555
"[Italy,Bed & Breakfast]",Internet,30,0.5030968
"[Italy,Bed & Breakfast]",Heating,31,0.96142274
"[Italy,Bed & Breakfast]",Breakfast,31,0.8145461
"[Italy,Bed & Breakfast]",TV,32,0.84303665
"[Italy,Bed & Breakfast]",Hair dryer,32,0.53052557
"[Italy,Bed & Breakfast]",Essentials,31,0.79932755
"[Canada,Bed & Breakfast]",TV,38,0.5276074
"[Canada,Bed & Breakfast]",Washer,33,0.5521472
"[Canada,Bed & Breakfast]",Essentials,36,0.74539876
"[Canada,Bed & Breakfast]",Kitchen,32,0.6380368
"[Canada,Bed & Breakfast]",Hangers,37,0.4601227
"[Canada,Bed & Breakfast]",Breakfast,39,0.68404907
"[Canada,Bed & Breakfast]",Heating,37,0.9233129
"[Canada,Bed & Breakfast]",Smoke detector,41,0.506135
"[Canada,Bed & Breakfast]",Internet,37,0.5398773
"[Canada,Bed & Breakfast]",Dryer,33,0.5337423
"[Canada,Bed & Breakfast]",Wireless Internet,37,0.9754601
"[Canada,Bed & Breakfast]",Shampoo,39,0.59202456
"[France,Townhouse]",Heating,35,0.9350649
"[France,Townhouse]",Kitchen,33,0.84415585
"[France,Townhouse]",Essentials,35,0.96103895
"[France,Townhouse]",Wireless Internet,34,0.9350649
"[Belgium,Condominium]",Kitchen,23,0.9186047
"[Belgium,Condominium]",Wireless Internet,23,0.9767442
"[Belgium,Condominium]",Essentials,24,0.95348835
"[Belgium,Condominium]",Heating,23,1
"[Belgium,Condominium]",Smoke detector,24,0.76744187
"[United States,Cabin]",Pets live on this property,46,0.43724698
"[United States,Cabin]",Shampoo,44,0.6234818
"[United States,Cabin]",Heating,47,0.8987854
"[United States,Cabin]",Essentials,45,0.79352224
"[United States,Cabin]",Smoke detector,44,0.4534413
"[United States,Cabin]",Hangers,45,0.4008097
"[United States,Cabin]",Wireless Internet,45,0.8663968
"[United States,Cabin]",Kitchen,45,0.7408907
"[United States,Cabin]",Washer,44,0.42105263
"[United States,Cabin]",Internet,47,0.5668016
"[United States,Cabin]",TV,48,0.51012146
"[United States,Cabin]",Free parking on premises,50,0.43724698
"[France,Apartment]",Elevator in building,33,0.4478601
"[France,Apartment]",Internet,32,0.6701383
"[France,Apartment]",Laptop friendly workspace,32,0.4482707
"[France,Apartment]",Washer,32,0.78082013
"[France,Apartment]",Essentials,31,0.861993
"[France,Apartment]",TV,33,0.6705489
"[France,Apartment]",Kitchen,31,0.97101367
"[France,Apartment]",Iron,32,0.53629357
"[France,Apartment]",Heating,31,0.95563394
"[France,Apartment]",Family/kid friendly,30,0.55716074
"[France,Apartment]",Smoke detector,31,0.6001829
"[France,Apartment]",Hangers,32,0.5327846
"[France,Apartment]",Wireless Internet,31,0.9468242
"[France,Apartment]",Shampoo,32,0.51688224
"[France,Apartment]",Hair dryer,32,0.53127277
"[United Kingdom,Bed & Breakfast]",First aid kit,38,0.440625
"[United Kingdom,Bed & Breakfast]",Wireless Internet,34,0.9546875
"[United Kingdom,Bed & Breakfast]",Family/kid friendly,31,0.42421874
"[United Kingdom,Bed & Breakfast]",Iron,37,0.44609374
"[United Kingdom,Bed & Breakfast]",Smoke detector,36,0.65
"[United Kingdom,Bed & Breakfast]",Carbon monoxide detector,37,0.41171876
"[United Kingdom,Bed & Breakfast]",Heating,35,0.9609375
"[United Kingdom,Bed & Breakfast]",Washer,36,0.5132812
"[United Kingdom,Bed & Breakfast]",Internet,36,0.5835937
"[United Kingdom,Bed & Breakfast]",Essentials,35,0.778125
"[United Kingdom,Bed & Breakfast]",TV,37,0.68671876
"[United Kingdom,Bed & Breakfast]",Shampoo,37,0.59453124
"[United Kingdom,Bed & Breakfast]",Kitchen,35,0.5265625
"[United Kingdom,Bed & Breakfast]",Breakfast,32,0.8203125
"[United Kingdom,Bed & Breakfast]",Hangers,36,0.5
"[United Kingdom,Bed & Breakfast]",Hair dryer,38,0.415625
"[United Kingdom,Other]",Essentials,32,0.73309606
"[United Kingdom,Other]",Iron,30,0.4911032
"[United Kingdom,Other]",Kitchen,29,0.7544484
"[United Kingdom,Other]",translation missing: en.hosting_amenity_50,29,0.44483986
"[United Kingdom,Other]",Laptop friendly workspace,31,0.41992882
"[United Kingdom,Other]",Washer,28,0.6548043
"[United Kingdom,Other]",Internet,31,0.49466193
"[United Kingdom,Other]",Smoke detector,32,0.6619217
"[United Kingdom,Other]",TV,31,0.5338078
"[United Kingdom,Other]",Hair dryer,31,0.42704627
"[United Kingdom,Other]",Hangers,30,0.56227756
"[United Kingdom,Other]",Heating,30,0.9039146
"[United Kingdom,Other]",Wireless Internet,31,0.9288256
"[United Kingdom,Other]",Shampoo,32,0.5124555
"[United States,Apartment]",Laptop friendly workspace,51,0.48952335
"[United States,Apartment]",Washer,54,0.5799744
"[United States,Apartment]",Dryer,54,0.5752026
"[United States,Apartment]",Smoke detector,52,0.72871345
"[United States,Apartment]",Wireless Internet,53,0.96582425
"[United States,Apartment]",Iron,50,0.513689
"[United States,Apartment]",Heating,53,0.91687995
"[United States,Apartment]",Hangers,50,0.6002079
"[United States,Apartment]",Essentials,52,0.8519274
"[United States,Apartment]",Hair dryer,51,0.48119268
"[United States,Apartment]",Family/kid friendly,49,0.43335465
"[United States,Apartment]",Internet,52,0.68320805
"[United States,Apartment]",TV,54,0.7169839
"[United States,Apartment]",Air conditioning,53,0.67766315
"[United States,Apartment]",Carbon monoxide detector,51,0.53059024
"[United States,Apartment]",Kitchen,53,0.950016
"[United States,Apartment]",Shampoo,51,0.6658003
"[Denmark,Townhouse]",Wireless Internet,197,0.9459459
"[Denmark,Townhouse]",Heating,194,0.9594595
"[Denmark,Townhouse]",Kitchen,197,0.9189189
"[Denmark,Townhouse]",Essentials,200,0.9324324
"[United States,Other]",Iron,54,0.44022244
"[United States,Other]",Fire extinguisher,56,0.43280816
"[United States,Other]",Laptop friendly workspace,54,0.42261353
"[United States,Other]",Carbon monoxide detector,56,0.44949028
"[United States,Other]",Essentials,54,0.7562558
"[United States,Other]",Wireless Internet,53,0.90824836
"[United States,Other]",Internet,52,0.55977756
"[United States,Other]",Hangers,53,0.49212232
"[United States,Other]",Smoke detector,56,0.63113993
"[United States,Other]",Hair dryer,54,0.46617237
"[United States,Other]",Washer,56,0.43466172
"[United States,Other]",Air conditioning,54,0.5634847
"[United States,Other]",Shampoo,53,0.5801668
"[United States,Other]",Kitchen,53,0.6329935
"[United States,Other]",Heating,54,0.80444854
"[United States,Other]",Dryer,56,0.43466172
"[United States,Other]",TV,56,0.6404078
"[Australia,House]",Smoke detector,49,0.7347591
"[Australia,House]",Washer,49,0.870462
"[Australia,House]",Shampoo,48,0.5349722
"[Australia,House]",Kitchen,49,0.9311211
"[Australia,House]",Essentials,49,0.8273841
"[Australia,House]",Hangers,48,0.6012634
"[Australia,House]",Heating,49,0.72950757
"[Australia,House]",Air conditioning,49,0.4561991
"[Australia,House]",Dryer,55,0.5176954
"[Australia,House]",Free parking on premises,48,0.5391582
"[Australia,House]",Hair dryer,48,0.4695182
"[Australia,House]",Family/kid friendly,51,0.5527818
"[Australia,House]",Wireless Internet,49,0.8974808
"[Australia,House]",Iron,49,0.5868788
"[Australia,House]",Internet,50,0.55156404
"[Australia,House]",Laptop friendly workspace,48,0.4621356
"[Australia,House]",TV,51,0.82350254
"[Canada,Townhouse]",Washer,38,0.8737024
"[Canada,Townhouse]",Laptop friendly workspace,39,0.5605536
"[Canada,Townhouse]",Hair dryer,40,0.59342563
"[Canada,Townhouse]",Dryer,38,0.8615917
"[Canada,Townhouse]",Family/kid friendly,40,0.5449827
"[Canada,Townhouse]",Shampoo,39,0.7266436
"[Canada,Townhouse]",Carbon monoxide detector,40,0.5951557
"[Canada,Townhouse]",Iron,39,0.5847751
"[Canada,Townhouse]",Heating,38,0.9705882
"[Canada,Townhouse]",Free parking on premises,38,0.47750866
"[Canada,Townhouse]",Air conditioning,40,0.52768165
"[Canada,Townhouse]",Kitchen,38,0.916955
"[Canada,Townhouse]",TV,40,0.70761245
"[Canada,Townhouse]",Internet,39,0.5882353
"[Canada,Townhouse]",Wireless Internet,38,0.99134946
"[Canada,Townhouse]",Smoke detector,40,0.8010381
"[Canada,Townhouse]",Hangers,38,0.7474049
"[Canada,Townhouse]",Essentials,38,0.93598616
"[Switzerland,Apartment]",Internet,48,0.67354596
"[Switzerland,Apartment]",Hair Dryer,48,0.47467166
"[Switzerland,Apartment]",TV,49,0.64165103
"[Switzerland,Apartment]",Family/Kid Friendly,43,0.46998125
"[Switzerland,Apartment]",Laptop Friendly Workspace,48,0.4380863
"[Switzerland,Apartment]",Essentials,46,0.8456848
"[Switzerland,Apartment]",Elevator in Building,47,0.7861163
"[Switzerland,Apartment]",Iron,48,0.5239212
"[Switzerland,Apartment]",Washer,48,0.6824578
"[Switzerland,Apartment]",Kitchen,47,0.9727955
"[Switzerland,Apartment]",Wireless Internet,47,0.9394934
"[Switzerland,Apartment]",Hangers,49,0.50281423
"[Switzerland,Apartment]",Heating,47,0.93621016
"[Switzerland,Apartment]",Shampoo,48,0.5534709
"[Canada,Guesthouse]",Air conditioning,38,0.6454545
"[Canada,Guesthouse]",Essentials,38,0.9818182
"[Canada,Guesthouse]",Iron,39,0.8090909
"[Canada,Guesthouse]",Family/kid friendly,38,0.6272727
"[Canada,Guesthouse]",Hair dryer,35,0.6181818
"[Canada,Guesthouse]",Kitchen,37,0.7909091
"[Canada,Guesthouse]",Fire extinguisher,38,0.6909091
"[Canada,Guesthouse]",Laptop friendly workspace,38,0.73636365
"[Canada,Guesthouse]",Heating,36,0.96363634
"[Canada,Guesthouse]",Dryer,37,0.6909091
"[Canada,Guesthouse]",Washer,37,0.7090909
"[Canada,Guesthouse]",Smoke detector,36,0.91818184
"[Canada,Guesthouse]",Hangers,36,0.8090909
"[Canada,Guesthouse]",Carbon monoxide detector,35,0.6636364
"[Canada,Guesthouse]",Shampoo,40,0.72727275
"[Canada,Guesthouse]",Wireless Internet,38,1
"[Spain,Other]",Essentials,24,0.8636364
"[Spain,Other]",Laptop friendly workspace,24,0.49173555
"[Spain,Other]",Heating,24,0.73966944
"[Spain,Other]",Elevator in building,24,0.553719
"[Spain,Other]",Hair dryer,24,0.57024795
"[Spain,Other]",Kitchen,23,0.86570245
"[Spain,Other]",Washer,23,0.7706612
"[Spain,Other]",translation missing: en.hosting_amenity_50,23,0.40495867
"[Spain,Other]",TV,23,0.70247936
"[Spain,Other]",Wireless Internet,24,0.9152893
"[Spain,Other]",Hangers,23,0.69214875
"[Spain,Other]",Shampoo,23,0.57438016
"[Spain,Other]",Family/kid friendly,23,0.6095041
"[Spain,Other]",Air conditioning,23,0.43801653
"[Spain,Other]",Iron,23,0.5371901
"[Italy,House]",TV,25,0.74283975
"[Italy,House]",Heating,25,0.936624
"[Italy,House]",Wireless Internet,25,0.8513102
"[Italy,House]",Shampoo,25,0.61852527
"[Italy,House]",Laptop friendly workspace,25,0.45581964
"[Italy,House]",Hangers,25,0.5393053
"[Italy,House]",Hair dryer,25,0.6026813
"[Italy,House]",Kitchen,23,0.8312005
"[Italy,House]",Washer,24,0.6032907
"[Italy,House]",Essentials,24,0.83790374
"[Italy,House]",Internet,25,0.46800733
"[Italy,House]",Family/kid friendly,24,0.6654479
"[Italy,House]",Air conditioning,27,0.5819622
"[Italy,House]",Iron,25,0.45825717
"[Austria,House]",Essentials,18,0.8217822
"[Austria,House]",Washer,21,0.7970297
"[Austria,House]",Heating,21,0.94554454
"[Austria,House]",Hangers,20,0.6287129
"[Austria,House]",Iron,19,0.55445546
"[Austria,House]",Family/kid friendly,17,0.6831683
"[Austria,House]",Hair dryer,20,0.6287129
"[Austria,House]",Kitchen,21,0.8960396
"[Austria,House]",TV,22,0.65841585
"[Austria,House]",Wireless Internet,21,0.9405941
"[Austria,House]",Free parking on premises,20,0.46039605
"[Austria,House]",Internet,17,0.6386139
"[Austria,House]",Laptop friendly workspace,20,0.5792079
"[Spain,Dorm]",Kitchen,25,0.7311828
"[Spain,Dorm]",Heating,26,0.7096774
"[Spain,Dorm]",Wireless Internet,24,0.97849464
"[Spain,Villa]",Hangers,30,0.549662
"[Spain,Villa]",Iron,28,0.74414974
"[Spain,Villa]",Cable TV,28,0.6172647
"[Spain,Villa]",Wireless Internet,29,0.9110764
"[Spain,Villa]",Family/kid friendly,28,0.74362975
"[Spain,Villa]",Pool,29,0.9110764
"[Spain,Villa]",Washer,28,0.95631826
"[Spain,Villa]",Indoor fireplace,28,0.5377015
"[Spain,Villa]",Air conditioning,29,0.70670825
"[Spain,Villa]",Free parking on premises,29,0.7394696
"[Spain,Villa]",Internet,29,0.56838274
"[Spain,Villa]",TV,29,0.93395734
"[Spain,Villa]",Hair dryer,28,0.6926677
"[Spain,Villa]",Heating,30,0.6136246
"[Spain,Villa]",Essentials,28,0.8278731
"[Spain,Villa]",Kitchen,29,0.9781591
"[Netherlands,Other]",Essentials,45,0.9324324
"[Netherlands,Other]",Heating,45,0.9189189
"[Netherlands,Other]",Wireless Internet,45,0.9459459
"[Australia,Villa]",Iron,52,0.6006826
"[Australia,Villa]",Dryer,59,0.42320818
"[Australia,Villa]",Free parking on premises,46,0.6996587
"[Australia,Villa]",Family/kid friendly,46,0.5802048
"[Australia,Villa]",Air conditioning,45,0.5767918
"[Australia,Villa]",Heating,52,0.80546075
"[Australia,Villa]",Shampoo,52,0.7133106
"[Australia,Villa]",Smoke detector,48,0.67235494
"[Australia,Villa]",Hair dryer,44,0.5460751
"[Australia,Villa]",Essentials,53,0.8634812
"[Australia,Villa]",Hangers,50,0.69624573
"[Australia,Villa]",Washer,48,0.8225256
"[Australia,Villa]",TV,51,0.8088737
"[Australia,Villa]",Internet,49,0.5153584
"[Australia,Villa]",Kitchen,50,0.9283276
"[Australia,Villa]",Laptop friendly workspace,42,0.53583616
"[Australia,Villa]",Wireless Internet,53,0.8566553
"[Switzerland,House]",Iron,45,0.544
"[Switzerland,House]",Washer,44,0.784
"[Switzerland,House]",Internet,43,0.704
"[Switzerland,House]",TV,48,0.664
"[Switzerland,House]",Kitchen,45,0.912
"[Switzerland,House]",Free Parking on Premises,41,0.744
"[Switzerland,House]",Wireless Internet,45,0.944
"[Switzerland,House]",Essentials,45,0.832
"[Switzerland,House]",Dryer,46,0.56
"[Switzerland,House]",Shampoo,43,0.568
"[Switzerland,House]",Heating,45,0.944
"[Switzerland,House]",Hangers,45,0.576
"[Switzerland,House]",Family/Kid Friendly,44,0.56
"[United Kingdom,Guesthouse]",Heating,28,0.8765432
"[United Kingdom,Guesthouse]",Smoke detector,27,0.8271605
"[United Kingdom,Guesthouse]",Essentials,29,0.8765432
"[United Kingdom,Guesthouse]",Wireless Internet,27,0.9506173
"[Canada,Other]",Kitchen,38,0.87096775
"[Canada,Other]",Fire extinguisher,38,0.4516129
"[Canada,Other]",Shampoo,37,0.6
"[Canada,Other]",Heating,38,0.9612903
"[Canada,Other]",Iron,39,0.5096774
"[Canada,Other]",Carbon monoxide detector,41,0.48387095
"[Canada,Other]",Washer,37,0.7096774
"[Canada,Other]",Family/kid friendly,35,0.5032258
"[Canada,Other]",Smoke detector,40,0.6903226
"[Canada,Other]",Hair dryer,39,0.46451613
"[Canada,Other]",Dryer,37,0.6903226
"[Canada,Other]",Wireless Internet,37,0.9419355
"[Canada,Other]",Free parking on premises,39,0.42580646
"[Canada,Other]",Internet,36,0.44516128
"[Canada,Other]",Hangers,37,0.65806454
"[Canada,Other]",Laptop friendly workspace,36,0.47741935
"[Canada,Other]",Essentials,38,0.87096775
"[Canada,Other]",TV,41,0.6516129
"[Netherlands,House]",Heating,44,0.9752322
"[Netherlands,House]",Family/kid friendly,43,0.73312694
"[Netherlands,House]",Internet,45,0.70526314
"[Netherlands,House]",First aid kit,43,0.4860681
"[Netherlands,House]",Dryer,45,0.5758514
"[Netherlands,House]",Shampoo,45,0.55727553
"[Netherlands,House]",Fire extinguisher,45,0.40495357
"[Netherlands,House]",Iron,44,0.5634675
"[Netherlands,House]",Hair dryer,44,0.54798764
"[Netherlands,House]",Smoke detector,44,0.76718265
"[Netherlands,House]",Wireless Internet,44,0.98142415
"[Netherlands,House]",Cable TV,45,0.5294118
"[Netherlands,House]",Essentials,44,0.9157895
"[Netherlands,House]",Kitchen,44,0.8965944
"[Netherlands,House]",Laptop friendly workspace,44,0.54055727
"[Netherlands,House]",TV,44,0.7783282
"[Netherlands,House]",Washer,43,0.7857585
"[Netherlands,House]",Hangers,44,0.56842107
"[Canada,Apartment]",Iron,37,0.4408268
"[Canada,Apartment]",Washer,36,0.8239263
"[Canada,Apartment]",Heating,36,0.95255435
"[Canada,Apartment]",TV,38,0.6619899
"[Canada,Apartment]",Smoke detector,43,0.4751526
"[Canada,Apartment]",Hangers,37,0.53480774
"[Canada,Apartment]",Kitchen,36,0.97252864
"[Canada,Apartment]",Wireless Internet,36,0.9639606
"[Canada,Apartment]",Essentials,36,0.86821246
"[Canada,Apartment]",Shampoo,37,0.5846096
"[Canada,Apartment]",Dryer,36,0.78686947
"[Canada,Apartment]",Internet,36,0.68228555
"[Netherlands,Townhouse]",Washer,48,0.73333335
"[Netherlands,Townhouse]",Fire extinguisher,50,0.42222223
"[Netherlands,Townhouse]",First aid kit,49,0.5
"[Netherlands,Townhouse]",Kitchen,48,0.9222222
"[Netherlands,Townhouse]",Hair dryer,50,0.62777776
"[Netherlands,Townhouse]",Hangers,49,0.6388889
"[Netherlands,Townhouse]",Dryer,51,0.5
"[Netherlands,Townhouse]",Iron,48,0.6666667
"[Netherlands,Townhouse]",TV,50,0.7722222
"[Netherlands,Townhouse]",Heating,47,0.99444443
"[Netherlands,Townhouse]",Laptop friendly workspace,48,0.6388889
"[Netherlands,Townhouse]",Internet,49,0.67777777
"[Netherlands,Townhouse]",Cable TV,49,0.48333332
"[Netherlands,Townhouse]",Shampoo,49,0.67777777
"[Netherlands,Townhouse]",Essentials,47,0.99444443
"[Netherlands,Townhouse]",Smoke detector,48,0.8111111
"[Netherlands,Townhouse]",Family/kid friendly,49,0.6388889
"[Netherlands,Townhouse]",Wireless Internet,47,0.99444443
"[Spain,Bed & Breakfast]",Wireless Internet,28,0.9627451
"[Spain,Bed & Breakfast]",Breakfast,29,0.7137255
"[Spain,Bed & Breakfast]",Kitchen,25,0.6578431
"[Spain,Bed & Breakfast]",Hair dryer,28,0.51862746
"[Spain,Bed & Breakfast]",Iron,26,0.4392157
"[Spain,Bed & Breakfast]",Essentials,27,0.8186275
"[Spain,Bed & Breakfast]",Heating,28,0.83235294
"[Spain,Bed & Breakfast]",First aid kit,29,0.4882353
"[Spain,Bed & Breakfast]",Elevator in building,26,0.5156863
"[Spain,Bed & Breakfast]",TV,31,0.64411765
"[Spain,Bed & Breakfast]",Laptop friendly workspace,27,0.40784314
"[Spain,Bed & Breakfast]",Internet,27,0.55490196
"[Spain,Bed & Breakfast]",Air conditioning,32,0.4509804
"[Spain,Bed & Breakfast]",Hangers,28,0.5382353
"[Spain,Bed & Breakfast]",Family/kid friendly,27,0.5
"[Spain,Bed & Breakfast]",Shampoo,29,0.60490197
"[Spain,Bed & Breakfast]",Washer,26,0.63039213
"[Italy,Other]",Wireless Internet,36,0.9241706
"[Italy,Other]",Heating,37,0.9526066
"[Italy,Other]",Family/kid friendly,39,0.6919431
"[Italy,Other]",Hangers,39,0.60189575
"[Italy,Other]",TV,39,0.8151659
"[Italy,Other]",Elevator in building,41,0.4170616
"[Italy,Other]",Hair dryer,38,0.63981044
"[Italy,Other]",Air conditioning,41,0.7393365
"[Italy,Other]",Laptop friendly workspace,41,0.47393364
"[Italy,Other]",Essentials,37,0.8720379
"[Italy,Other]",First aid kit,41,0.46445498
"[Italy,Other]",Fire extinguisher,43,0.47867298
"[Italy,Other]",Shampoo,39,0.6729858
"[Germany,Apartment]",Buzzer/wireless intercom,23,0.4669528
"[Germany,Apartment]",Iron,23,0.4109442
"[Germany,Apartment]",Hair dryer,22,0.5352468
"[Germany,Apartment]",Internet,22,0.62972105
"[Germany,Apartment]",Heating,22,0.94871247
"[Germany,Apartment]",Laptop friendly workspace,22,0.511588
"[Germany,Apartment]",Essentials,22,0.80300426
"[Germany,Apartment]",Hangers,22,0.4879292
"[Germany,Apartment]",Washer,22,0.8267167
"[Germany,Apartment]",Shampoo,23,0.41421673
"[Germany,Apartment]",TV,24,0.44694206
"[Germany,Apartment]",Kitchen,22,0.96679187
"[Germany,Apartment]",Wireless Internet,22,0.9491416
"[Germany,Apartment]",Family/kid friendly,22,0.48589057
"[Italy,Serviced apartment]",Wireless Internet,33,0.9312977
"[Italy,Serviced apartment]",TV,34,0.8167939
"[Italy,Serviced apartment]",Essentials,33,0.89312977
"[Italy,Serviced apartment]",Hair dryer,34,0.870229
"[Italy,Serviced apartment]",Hangers,34,0.8778626
"[Italy,Serviced apartment]",Laptop friendly workspace,34,0.6870229
"[Italy,Serviced apartment]",Lock on bedroom door,34,0.64122134
"[Italy,Serviced apartment]",Elevator in building,34,0.49618322
"[Italy,Serviced apartment]",Fire extinguisher,37,0.60305345
"[Italy,Serviced apartment]",Air conditioning,37,0.67175573
"[Italy,Serviced apartment]",Shampoo,34,0.77099234
"[Italy,Serviced apartment]",Family/kid friendly,33,0.73282444
"[Italy,Serviced apartment]",Heating,34,0.90839696
"[Italy,Serviced apartment]",First aid kit,32,0.648855
"[United Kingdom,Boat]",Kitchen,35,0.9027778
"[United States,Dorm]",Smoke detector,26,0.50931674
"[United States,Dorm]",translation missing: en.hosting_amenity_50,26,0.49689442
"[United States,Dorm]",Internet,26,0.58074534
"[United States,Dorm]",Iron,23,0.41304347
"[United States,Dorm]",translation missing: en.hosting_amenity_49,24,0.42857143
"[United States,Dorm]",Kitchen,25,0.86024845
"[United States,Dorm]",Heating,27,0.7236025
"[United States,Dorm]",Wireless Internet,27,0.95341617
"[United States,Dorm]",Essentials,27,0.45962733
"[United States,Dorm]",Washer,27,0.72981364
"[United States,Dorm]",TV,25,0.5745342
"[United States,Dorm]",Dryer,27,0.7236025
"[United States,Dorm]",Fire extinguisher,26,0.4037267
"[Canada,Bungalow]",Essentials,26,0.8918919
"[Canada,Bungalow]",Hangers,26,0.7297297
"[Canada,Bungalow]",Carbon monoxide detector,27,0.6756757
"[Canada,Bungalow]",Dryer,28,0.6936937
"[Canada,Bungalow]",Heating,27,0.972973
"[Canada,Bungalow]",Smoke detector,26,0.8018018
"[Canada,Bungalow]",TV,26,0.6486486
"[Canada,Bungalow]",Shampoo,26,0.7297297
"[Canada,Bungalow]",Air conditioning,27,0.6666667
"[Canada,Bungalow]",Free parking on premises,27,0.7837838
"[Canada,Bungalow]",Wireless Internet,27,0.963964
"[Canada,Bungalow]",Hair dryer,26,0.5855856
"[Canada,Bungalow]",Washer,28,0.7747748
"[Canada,Bungalow]",Laptop friendly workspace,27,0.6036036
"[Canada,Bungalow]",Kitchen,27,0.9189189
"[Ireland,House]",First aid kit,31,0.42332065
"[Ireland,House]",Hair dryer,32,0.55597806
"[Ireland,House]",Free parking on premises,32,0.7013097
"[Ireland,House]",Iron,32,0.6058302
"[Ireland,House]",TV,34,0.6248416
"[Ireland,House]",Kitchen,33,0.8398817
"[Ireland,House]",Fire extinguisher,32,0.40050697
"[Ireland,House]",Washer,33,0.76890576
"[Ireland,House]",Heating,32,0.9552176
"[Ireland,House]",Wireless Internet,32,0.95901984
"[Ireland,House]",Shampoo,33,0.6468103
"[Ireland,House]",Essentials,32,0.87410223
"[Ireland,House]",Indoor fireplace,34,0.44782424
"[Ireland,House]",Laptop friendly workspace,33,0.44697928
"[Ireland,House]",Smoke detector,32,0.81495565
"[Ireland,House]",Internet,32,0.6066751
"[Ireland,House]",Carbon monoxide detector,33,0.50823826
"[Ireland,House]",Family/kid friendly,32,0.53274184
"[Ireland,House]",Dryer,34,0.47021547
"[Ireland,House]",Hangers,32,0.6201943
"[Canada,Condominium]",Wireless Internet,49,0.9734127
"[Canada,Condominium]",Elevator in building,50,0.86785716
"[Canada,Condominium]",Free parking on premises,50,0.42817461
"[Canada,Condominium]",TV,49,0.83174604
"[Canada,Condominium]",Iron,48,0.7015873
"[Canada,Condominium]",Laptop friendly workspace,50,0.6484127
"[Canada,Condominium]",Pool,50,0.4234127
"[Canada,Condominium]",Essentials,49,0.9424603
"[Canada,Condominium]",Shampoo,49,0.7884921
"[Canada,Condominium]",Family/kid friendly,48,0.5861111
"[Canada,Condominium]",Dryer,49,0.940873
"[Canada,Condominium]",Carbon monoxide detector,49,0.6369048
"[Canada,Condominium]",Air conditioning,51,0.8011905
"[Canada,Condominium]",Hair dryer,49,0.66190475
"[Canada,Condominium]",Internet,47,0.681746
"[Canada,Condominium]",Heating,49,0.9781746
"[Canada,Condominium]",Gym,51,0.74206346
"[Canada,Condominium]",Smoke detector,50,0.85198414
"[Canada,Condominium]",Kitchen,49,0.9809524
"[Canada,Condominium]",Washer,49,0.94722223
"[Canada,Condominium]",Hangers,48,0.8031746
"[Australia,Bed & Breakfast]",TV,56,0.8314883
"[Australia,Bed & Breakfast]",Washer,52,0.67404675
"[Australia,Bed & Breakfast]",Family/kid friendly,53,0.42558426
"[Australia,Bed & Breakfast]",Dryer,55,0.4501845
"[Australia,Bed & Breakfast]",Internet,52,0.45510456
"[Australia,Bed & Breakfast]",Iron,57,0.5584256
"[Australia,Bed & Breakfast]",Laptop friendly workspace,55,0.40098402
"[Australia,Bed & Breakfast]",Smoke detector,56,0.6408364
"[Australia,Bed & Breakfast]",Wireless Internet,55,0.8523985
"[Australia,Bed & Breakfast]",Shampoo,59,0.71832716
"[Australia,Bed & Breakfast]",First aid kit,56,0.41328412
"[Australia,Bed & Breakfast]",Hangers,56,0.6063961
"[Australia,Bed & Breakfast]",Heating,56,0.8142682
"[Australia,Bed & Breakfast]",Hair dryer,58,0.47355473
"[Australia,Bed & Breakfast]",Essentials,56,0.8302583
"[Australia,Bed & Breakfast]",Breakfast,57,0.84255844
"[Australia,Bed & Breakfast]",Kitchen,53,0.6924969
"[Australia,Bed & Breakfast]",Air conditioning,57,0.45756456
"[Australia,Bed & Breakfast]",Free parking on premises,57,0.5289053
"[Denmark,Apartment]",Wireless Internet,229,0.9567298
"[Denmark,Apartment]",Internet,231,0.57007957
"[Denmark,Apartment]",Buzzer/wireless intercom,231,0.59517497
"[Denmark,Apartment]",TV,230,0.64446026
"[Denmark,Apartment]",Washer,225,0.6291314
"[Denmark,Apartment]",Essentials,228,0.88403076
"[Denmark,Apartment]",Heating,229,0.9461225
"[Denmark,Apartment]",Laptop friendly workspace,227,0.52312267
"[Denmark,Apartment]",Iron,231,0.50895804
"[Denmark,Apartment]",Family/kid friendly,213,0.61768323
"[Denmark,Apartment]",Hangers,232,0.4711209
"[Denmark,Apartment]",Smoke detector,226,0.5689153
"[Denmark,Apartment]",Shampoo,231,0.44117457
"[Denmark,Apartment]",Hair dryer,230,0.4710562
"[Denmark,Apartment]",Kitchen,228,0.9750986
"[Spain,House]",Family/kid friendly,24,0.8062323
"[Spain,House]",Internet,25,0.4987252
"[Spain,House]",Heating,25,0.63725215
"[Spain,House]",Indoor fireplace,26,0.42804533
"[Spain,House]",Essentials,25,0.85056657
"[Spain,House]",Kitchen,25,0.9403683
"[Spain,House]",Free parking on premises,27,0.55354106
"[Spain,House]",Pool,27,0.5260623
"[Spain,House]",Iron,24,0.5970255
"[Spain,House]",Cable TV,25,0.42620397
"[Spain,House]",TV,25,0.82252127
"[Spain,House]",Hair dryer,24,0.57932013
"[Spain,House]",Hangers,25,0.61926347
"[Spain,House]",Air conditioning,26,0.526204
"[Spain,House]",Wireless Internet,25,0.8616147
"[Spain,House]",Washer,25,0.9036827
"[United States,Guesthouse]",Heating,47,0.9555785
"[United States,Guesthouse]",translation missing: en.hosting_amenity_50,51,0.43078512
"[United States,Guesthouse]",First aid kit,46,0.49690083
"[United States,Guesthouse]",Carbon monoxide detector,46,0.66322315
"[United States,Guesthouse]",Essentials,47,0.9710744
"[United States,Guesthouse]",Shampoo,47,0.84917355
"[United States,Guesthouse]",Hangers,46,0.8946281
"[United States,Guesthouse]",Kitchen,47,0.77582645
"[United States,Guesthouse]",Dryer,48,0.42252067
"[United States,Guesthouse]",Lock on bedroom door,47,0.40805784
"[United States,Guesthouse]",Hair dryer,46,0.7644628
"[United States,Guesthouse]",Air conditioning,46,0.7747934
"[United States,Guesthouse]",Family/kid friendly,43,0.5981405
"[United States,Guesthouse]",Laptop friendly workspace,47,0.73966944
"[United States,Guesthouse]",Wireless Internet,47,0.98140496
"[United States,Guesthouse]",Iron,45,0.69938016
"[United States,Guesthouse]",Fire extinguisher,46,0.61466944
"[United States,Guesthouse]",Free parking on premises,46,0.59504133
"[United States,Guesthouse]",Internet,46,0.5371901
"[United States,Guesthouse]",TV,47,0.7582645
"[United States,Guesthouse]",Smoke detector,47,0.8822314
"[United States,Guesthouse]",Washer,47,0.4194215
"[United States,Loft]",TV,60,0.69279563
"[United States,Loft]",Shampoo,57,0.6864522
"[United States,Loft]",Air conditioning,57,0.66696876
"[United States,Loft]",Carbon monoxide detector,56,0.52333486
"[United States,Loft]",Essentials,57,0.86135024
"[United States,Loft]",Washer,60,0.6869053
"[United States,Loft]",Laptop friendly workspace,57,0.5441776
"[United States,Loft]",Hair dryer,56,0.4956955
"[United States,Loft]",Kitchen,59,0.9406434
"[United States,Loft]",Wireless Internet,58,0.9755324
"[United States,Loft]",Smoke detector,58,0.69098324
"[United States,Loft]",Hangers,56,0.63706386
"[United States,Loft]",Dryer,60,0.67920256
"[United States,Loft]",Iron,56,0.563208
"[United States,Loft]",Fire extinguisher,57,0.43860444
"[United States,Loft]",Heating,58,0.92251927
"[United States,Loft]",Internet,58,0.74173087
"[Italy,Condominium]",Shampoo,23,0.6439791
"[Italy,Condominium]",Kitchen,21,0.74345547
"[Italy,Condominium]",Washer,21,0.5968586
"[Italy,Condominium]",Wireless Internet,24,0.8900524
"[Italy,Condominium]",Elevator in building,21,0.58115184
"[Italy,Condominium]",Family/kid friendly,23,0.65968585
"[Italy,Condominium]",Heating,22,0.92670155
"[Italy,Condominium]",First aid kit,22,0.486911
"[Italy,Condominium]",TV,22,0.65445024
"[Italy,Condominium]",Hangers,22,0.6492147
"[Italy,Condominium]",Essentials,23,0.88481677
"[Italy,Condominium]",Laptop friendly workspace,23,0.4921466
"[Italy,Condominium]",Hair dryer,22,0.7539267
"[Italy,Condominium]",Iron,20,0.55497384
"[Italy,Condominium]",Air conditioning,24,0.5078534
"[Italy,Condominium]",Internet,23,0.43455496
"[Italy,Boutique hotel]",TV,49,0.92105263
"[Italy,Boutique hotel]",Shampoo,49,0.9868421
"[Italy,Boutique hotel]",Essentials,47,0.8552632
"[Italy,Boutique hotel]",Air conditioning,51,0.8815789
"[Italy,Boutique hotel]",Wireless Internet,48,0.9736842
"[Italy,Boutique hotel]",Heating,46,0.90789473
